,post_url,account,like_count,comment_count,share_count,caption,hashtags,comments,date_posted,date_collect
0,https://www.tiktok.com/@tmovisuals/video/7212084020258131246,tmovisuals,315.4K,9304,123,Gift for @rug ! Day 41,"['#chugrug', '#xyzbca', '#fazerug', '#brawadis', '#fyp', '#notviral', '#overrated']","['noah', 'Alex', 'Katherine', 'Taylor', 'angel', 'Jayden', 'benny', 'Naomi', 'Dylan', 'katie', 'Christian', 'Jace', 'Brayden', 'sophia', 'Victor', 'kayden', 'Joseph', 'Vicky', 'amber', 'Luke']",1d ago,2023-03-20
1,https://www.tiktok.com/@16yq27269d9/video/7211129524799671557,16yq27269d9,1.7M,3743,1267,,"['#fyp', '#flim', '#movie', '#foryou', '#911calls', '#storytime']","['""Do not approach the vehicle.""\nImmediately approaches the vehicle:', 'THE CALL', 'she rlly had to approach it and make it suspiciousğŸ’€ğŸ’€ğŸ’€', 'â€good girlğŸ•â€', 'The movie is called the call', 'TRACK THE CRLL PHONE BRUH???', 'She made so obviousğŸ˜­', 'but NO the woman had to GET A CLOSER LOOK', 'OFC HES GETTING OF IF U APPROCH THE VECHILE ğŸ’€ğŸ¥¶', 'SHE LOST A BRACELETğŸ˜­', 'Movie: The call', 'the Blonde is Blonding', 'the bracelet fell :(', 'The Movies Name is the Call you Can Watch it on NetflixğŸ’—', 'TRACK THE CELLPHONE????', 'i love this movie', 'â€œHeâ€™s gonna bury me im gonna d1e ğŸ˜­ğŸ˜­â€ â€œWhatâ€™s your favourite movie?â€', 'this movie left me traumatized', 'The movie is called the call and itâ€™s on youtube for free', 'â€œWhatâ€™s your favourite movie?â€ LET HER COOK ğŸ—£ï¸ğŸ—£ï¸ğŸ—£ï¸ğŸ”¥ğŸ”¥ğŸ”¥ğŸ”¥']",4d ago,2023-03-20
2,https://www.tiktok.com/@annemarie/video/7211194644091407621,annemarie,164K,1241,747,Nah jazz saying water gets me,[],"['ğŸ˜‚ğŸ˜‚ Anne Marie pls say a bottle of water plsğŸ˜ğŸ˜…', 'Who the hell says ""Ee-volution""???', 'Love this ğŸ˜‚', 'CAF? Who on Earth says CAF? ğŸ˜‚ğŸ˜‚ğŸ˜‚', 'She lovely?)) @Cindy', 'I do not say eve-alution', 'Can I have a glass of âœ¨WA-ERâœ¨', 'â€œProNUNciationsâ€', 'Is it only me whoâ€™s from the uk and pronounces cafe like an American', 'this is why I LOVE Anne-Marie, look how child like and fun she isğŸ¥º', 'wait i thought jazz was british im-', 'I simply cannot get over how CUTE you both are! ğŸ¥°ğŸ¥°ğŸ¥°ğŸ¥°', 'Water ğŸ˜‚ğŸ˜‚ğŸ˜‚ğŸ˜‚', 'The british accent is my favorite â¤ğŸ‡¬ğŸ‡§ğŸ’“', 'ğŸ˜‚ğŸ˜‚ğŸ˜‚ğŸ˜‚ğŸ˜‚â¤ï¸', '@flora wa-her ğŸ˜­', 'ğŸ˜‚', 'ğŸ˜‚ğŸ˜‚ğŸ˜‚ğŸ˜‚', 'I love American pronunciation ğŸ¥°â™¥ï¸â™¥ï¸', 'actions']",4d ago,2023-03-20
3,https://www.tiktok.com/@khaby.lame/video/7190422277069081862,khaby.lame,2.7M,20.7K,6085,Rule n.1 NEVER PISS OFF YOUR MOM!R.I.P. Khaby Lame ğŸª¦ğŸ’€#mum,['#dontlearnfromkhaby'],"['ooh noooo ğŸ˜ğŸ˜‚ğŸ˜ ğŸ™ƒ', 'ğŸ˜‚', 'ğŸ˜‚ğŸ˜‚ğŸ˜‚', 'ğŸ˜‚ğŸ˜‚ğŸ˜‚', 'ğŸ˜‚ğŸ˜‚ğŸ˜‚ğŸ˜‚', 'ğŸ˜‚ğŸ˜‚ğŸ˜‚ğŸ˜‚ğŸ˜‚', 'ğŸ˜‚', 'ğŸ˜‚ğŸ˜‚', 'ğŸ˜‚ğŸ˜‚ğŸ˜‚ğŸ˜‚ğŸ˜‚', 'ğŸ˜ğŸ˜', 'ğŸ˜‚ğŸ˜‚ğŸ˜‚', 'ğŸ˜‚ğŸ˜‚ğŸ˜‚ğŸ˜‚ğŸ˜‚ğŸ˜‚', 'ğŸ¥º', 'ğŸ˜‚ğŸ˜‚ğŸ˜‚', 'ğŸ¥°ğŸ˜‚', 'ğŸ˜ğŸ˜ğŸ˜', 'ğŸ˜‚ğŸ˜Š', 'ğŸ˜ğŸ˜ğŸ˜', 'ğŸ¥°', 'ğŸ˜‚ğŸ˜‚ğŸ¥°']",1-19,2023-03-20
4,https://www.tiktok.com/@aeriebmarie/video/7201946642357046574,aeriebmarie,54.3K,241,903,Like if i could i would bro,[],"['Drink ensure plus', 'oh and dairy', 'Like bruh, ITâ€™S NOT WORKINGğŸ˜‚ğŸ˜‚', ""i seriously can't gain weight ğŸ˜ª"", 'yoooo!!! like I\'m eating 24/7... what do you mean ""eat more""!!!!ğŸ˜‚ğŸ˜‚ğŸ˜‚', 'its called high METABOLISMMM n brooo we cant gain weightttğŸ˜­', 'itâ€™s not workingğŸ¥ºğŸ˜©', 'ğŸ˜‚ğŸ˜…ğŸ˜…ğŸ˜‚ğŸ˜‚story of my life â€œeat more eggs and do squatsâ€ ğŸ™„ğŸ™„ğŸ™„girl please', 'Cipla Actin my love', 'I eat a lot . I just burn it off too fast ğŸ˜‚ğŸ˜‚ğŸ˜‚ it donâ€™t work lol', 'i really dont understand this world', 'Fr and they be like â€œ omg ur so skinyyy do they feed uâ€', 'Hi', 'As if I never thought to eat to gain. Iâ€™ve a high metabolism, lost 20 lbs in 12 dr visits. Stomach flu and I lost 9 more. Mum calls me Scary Skinny!!!', 'same here', 'Oatmeal with banana works', 'â˜¹ï¸', ""It's so funny, I Can't stop"", 'By the way gaining weight is so hard I gave up am stuck with 48 some times 50kg', 'ğŸ˜©ğŸ˜­ğŸ˜­ğŸ˜­']",2-19,2023-03-20
5,https://www.tiktok.com/@ebysvs/video/7182815954995367170,ebysvs,79.7K,157,32,and it â€˜twas | her dancing vids always hit different | @charli dâ€™amelio |,"['#ebysvs', '#fy', '#charlidamelio', '#2019', '#ilysm', '#viral']","['i miss those times so much ğŸ¥²', 'I thought that place was only for actors', ""I've put many of Charli's old videos in my favorites, there are 66M views where he's dancing now and 792KğŸ¥²ğŸ˜–"", 'Can i remake this?ğŸ’•', 'Someone tag me in it please', 'OmgğŸ¥º', 'tag me on that vid please!!ğŸ«¶', 'Timmy', '200 MILLION?!??', 'Bro sheâ€™s so amazing ğŸ˜', 'ahere i can watch this video', 'Charli uses het acc now only to make ads', 'it has to be her breathing', 'go go go has 300M', 'Tag me in the video', 'I REMEMBER THAT', 'nostalgia', 'I thn it was the ne with dance wit Joyce r mth', 'None of the people that got famous for dancing dance anymore']",2022-12-30,2023-03-20
6,https://www.tiktok.com/@daniamdz/video/7212442452370787589,daniamdz,37K,822,323,ASI FUE EL REGRESO DE DANIA A LA CASA DE LOS FAMOSOS 3 ğŸ«¶ğŸ» Gracias team dania âœ¨ğŸ‘‘,[],"['QUEEN!!!!', 'ğŸ‡§ğŸ‡·â¤ï¸', 'TEAM DANIA ğŸ‡§ğŸ‡·Brasil estÃ¡s con Dania ğŸ‡§ğŸ‡·', 'toda una Reina buchi ğŸ˜', 'Solo osmel se alegroğŸ¥º', 'no importa nosotros si la queremos y con ella hasta el final arriba mi Buchi rifandola como siempre ğŸ¥°ğŸ¥°ğŸ¥°', 'Pobrecita ella toda emocionada y los otros como estatuas.ğŸ¥º', 'LlegÃ³ la patrona ğŸ‘‘', 'llegÃ³ la ganadora de la casa de los famosos @daniamdz', 'Definitivamente la recibieron mejor en Brasil, aquÃ­ ni la puerta le abrieron. ğŸ˜¢', 'te amamos BuchiğŸ’œğŸ’œğŸ’œğŸ’œ me va dar un ataque de tanto defenderte de los envidiosos ğŸ¤£', 'ğŸ¥°ğŸ¥°ğŸ¥°dania nuestra ganadora', 'Amo â¤ï¸', 'SerÃ¡ a vencedora de La Casa de los Famosos! E ainda serÃ¡ muito famosa no Brasil!', 'Llego a levantar el programa, la buchi ğŸ¥°ğŸ¥°... que hermosa', 'ni para abrir la puerta!!! muy mal', 'Dania es la alegria de esa casa ğŸ¥°', 'ya te extraÃ±amos Dania ğŸ‡§ğŸ‡·â¤ï¸', 'que gusto oirla hablar asÃ­...aprendiÃ³ de la experiencia y entendiÃ³ que los tres participaron cada uno bajo su responsabilidad,educaciÃ³n,y valores ğŸ‘ğŸ‘', 'alÃ©m de lindÃ­ssima! Ã© muito querida a Dania.ğŸ¥°ğŸ‘ğŸ»ğŸ‘ğŸ»ğŸ‘ğŸ»']",22h ago,2023-03-20
7,https://www.tiktok.com/@seafalkhateeb/video/7209011092083723522,seafalkhateeb,73.4K,267,553,Ù…Ø´ Ù…Ø¬Ø±Ø¯ Ø§ØºÙ†ÙŠØ© ÙˆÙ„Ù„Ù‡ğŸ˜‚ğŸ˜‚Ù„Ø§ ØªÙÙˆØªÙƒÙ… ÙŠÙˆÙ…ÙŠØ§ØªÙŠ Ø¨Ø§Ù„Ø³ØªÙˆØ±ÙŠâœ¨,"['#Ø³ÙŠÙ_Ø§Ù„Ø®Ø·ÙŠØ¨', '#amman', '#egypt']","['@dareen..2009 @fina.fun7 ğŸ˜‚ğŸ˜‚ğŸ˜‚ğŸ˜‚ğŸ˜‚', 'ğŸ¥°ğŸ˜‚ğŸ˜‚ğŸ˜‚ğŸ˜‚ğŸ˜‚ğŸ˜‚ğŸ˜‚ğŸ˜‚ğŸ˜‚ğŸ˜‚ğŸ˜‚', '@we_jdan2009 ğŸ˜­ğŸ˜‚ğŸ’”', 'ğŸ¥°ğŸ˜‚ğŸ˜‚ğŸ˜‚ğŸ˜‚', 'ğŸ˜‚ğŸ˜‚ğŸ˜‚ğŸ˜‚', 'ğŸ˜‚ğŸ˜‚ğŸ˜‚ğŸ˜‚ğŸ˜‚ğŸ˜‚', 'ğŸ˜‚ğŸ˜‚ğŸ˜‚', 'ğŸ¥°ğŸ¥°ğŸ¥°ğŸ¥°ğŸ˜‚ğŸ˜‚ğŸ˜‚ğŸ˜‚', '@mr.fayezismael888 3melna?ğŸ˜‚', 'ğŸ¥°ğŸ¥°ğŸ¥°ğŸ¥°ğŸ¥°ğŸ¥°', '@xx_aqmr_xx ğŸ˜‚ğŸ˜‚', '@ghena.princess ğŸ˜‚ğŸ˜‚ğŸ˜‚ğŸ˜‚ğŸ˜‚ğŸ˜‚ğŸ˜‚ğŸ˜‚', '@ğŸ˜‚ğŸ˜‚ğŸ˜‚ğŸ˜‚@user1684850926835', '@teamaldooon ğŸ˜‚ ğŸ˜‚ ğŸ˜‚ ğŸ˜‚ ğŸ˜‚', '@palestinian145 @user76208188666980 ğŸ˜‚ğŸ˜…', 'Ø§Ù„ØªÙŠÙƒ ØªÙˆÙƒ Ø¨Ø±Ø¹Ø§ÙŠØªÙƒÙ… Ù‡Ù‡Ù‡\u200dÙ‡Ù‡\u200dÙ‡\u200dÙ‡', 'Ø§Ø±Ø¯Ù†ÙŠ ÙˆÙ„Ø§ Ù…ØµØ±ÙŠÙŠØŸ', 'ğŸ˜‚ğŸ˜‚ğŸ˜‚ğŸ˜‚ğŸ˜‚Ø§Ù‡Ø¶Ù… Ù†Ø§Ø³ ÙˆÙ„Ù„Ù‡', 'Ø¨Ù‚Ù„Ø¯Ùˆ Ø­Ø¯Ø§ Ø¨Ø³ Ù…Ø´ Ù…ØªØ°ÙƒØ±ØªÙ‡Ù… ğŸ§ğŸ¤¨ğŸ§ğŸ§', 'Ø´Ùˆ Ø¬Ù…Ø¹ÙƒÙˆØ§ Ù…Ø¹ Ø¨Ø¹Ø¶']",3-10,2023-03-20
8,https://www.tiktok.com/@julianorozco6509/video/7209519483285736710,julianorozco6509,25.4K,923,78,,[],"['ğŸ‘ğŸ‘ğŸ‘', 'â¤ğŸ™ğŸ‡¬ğŸ‡ªğŸ‡¬ğŸ‡ª', 'Love from Nepal ğŸ‡³ğŸ‡µ', 'saloudos champion ğŸ¥°ğŸ¥°', 'she is the cutest â˜ºï¸', 'Love and respect from Afghanistan ğŸ‡¦ğŸ‡«. You guys are great ğŸ‘', 'ğŸ¥‡ğŸ‘ğŸ‡¦ğŸ‡º', 'gracias.pero la verdad no sÃ© cÃ³mo se hace . tenemos como 15 dÃ­as en tik tok .pero gracias por su consejo saludos', 'hey man saludos desde el salvador', 'por mÃ¡s personas como tÃº mi hermano saludos desde Venezuela...', '@JosÃ© Ramos:mÃ¡ndamele un saludos a mis niÃ±os JosÃ© , Santiago, y Liat Nicole en MaturÃ­n Venezuela ğŸ‡»ğŸ‡ª', 'ğŸ¥°ğŸ¥°ğŸ¥°', 'Q Dios los bendiga mucho', 'me saludas asta Guanajuato me llamo Alexis', 'saludos desde mi paÃ­s Costa Rica,yo en particular me conformo con ver la buena actitud.', 'Saludos Y bendiciones Amigaso', 'saludos desde Venezuela sanfracisco el bajo hermano', 'que bonito enserio como es de hermosa la humildad de esta familia que bonito ğŸ’•', 'saludos desde peru', 'saludos desde la mitad del mundo ecuador']",3-11,2023-03-20
9,https://www.tiktok.com/@tmovisuals/video/7212084020258131246,tmovisuals,316.8K,9334,123,Gift for @rug ! Day 41,"['#chugrug', '#xyzbca', '#fazerug', '#brawadis', '#fyp', '#notviral', '#overrated']","['noah', 'benny', 'Alex', 'Katherine', 'Taylor', 'Jayden', 'angel', 'Naomi', 'Dylan', 'sophia', 'Jace', 'Brayden', 'kayden', 'Vicky', 'colin', 'zion', 'Tyson', 'Kevin', 'Dylan', 'amber']",1d ago,2023-03-20
10,https://www.tiktok.com/@iaf1/video/7211886820739583234,iaf1,9963,39,134,Ù…Ø¹ @Chef Eman ğŸ‘©ğŸ»â€ğŸ³ Ù…Ø§Ø´Ø§Ø¡ Ø§Ù„Ù„Ù‡ Ø¹Ù„ÙŠÙ‡Ø§ ğŸ˜ğŸ‘ğŸ»,"['#Ø¯ÙˆÙŠØªÙˆ', '#Ø§Ø­Ù…Ø¯_ÙÙ‡Ø¯', '#Ø§ÙƒØ³Ø¨Ù„ÙˆØ±', '#Ø§Ù„Ø³Ø¹ÙˆØ¯ÙŠØ©']","[""I don't know what you are saying --but I know exactly what you are saying. ğŸ˜‚ Bravo! Great review!! I want to watch you review anything!"", 'ğŸ˜‚ğŸ˜‚ğŸ˜‚â¤ï¸', 'Ø§Ù†Øª Ù… ØªØ¬ÙŠÙ†ÙŠ Ø§Ù„Ø§ Ø§Ø°Ø§ Ø¬Ø§ Ø±Ù…Ø¶Ø§Ù† ØŸ', 'Ø¨Ø³ Ø°ÙŠ Ø§Ù„Ø§ÙƒÙ„Ù‡ Ù…Ù…ÙƒÙ† ØªØ¹Ø·Ø´', 'ÙŠØ¹Ø¬Ø¨Ù†ÙŠ Ù„Ù…Ø§ ÙŠØ³ÙˆÙŠ Ù†ÙØ³Ù‡ Ù…Ø§ Ø´Ø§Ù Ø§Ù„ÙÙŠØ¯ÙŠÙˆ ğŸ˜‚ğŸ˜‚ğŸ˜‚ğŸ˜‚', 'Ø§Ù„Ù„Ù‡Ù… Ø¨Ù„ØºÙ†Ø§ Ø±Ù…Ø¶Ø§Ù†ğŸ˜Š', 'ğŸ¥°ğŸ¥°ğŸ¥°ğŸ¥°ÙƒÙ„ Ø¹Ø§Ù… ÙˆØ§Ù†ØªÙ… Ø¨Ø®ÙŠØ± Ø¨Ù…Ù†Ø§Ø³Ø¨Ø© Ø´Ù‡Ø± Ø±Ù…Ø¶Ø§Ù†', 'Ø±Ù…Ø¶Ø§Ù† ÙƒØ±ÙŠÙ…', 'Ø§Ù†Øª Ù…Ø§ ÙƒÙ†Øª ÙŠÙˆØªÙŠÙˆØ¨Ø±', 'ğŸ˜‚ğŸ˜‚ğŸ˜‚', 'Ø§Ø®ÙŠ ØªØ®Ø¨Ù„', 'Ø§ÙˆÙ„ Ù…Ø¨Ø¯Ø¹Ø¹Ø¹Ø¹Ø¹Ø¹ Ø·Ù„Ø¹ ØªØ¹Ù„ÙŠÙ‚ÙŠ ØªÙƒÙÙ‰', 'Ø§ÙˆÙ„Ù„Ù„ğŸ¤', 'Ø§Ø®ÙŠØ±Ø§Ø§Ø§Ø§', 'Ù‚Ø¨Ù„ Ø§Ù„Ù…ØºØ±Ø¨ Ø¨Ø³Ø§Ø¹Ù‡ Ù…Ø§ÙŠÙ…Ø¯ÙŠ Ù†ØºØ³Ù„ Ø§Ù„Ù…ÙˆØ§Ø¹ÙŠÙ† ÙˆÙ†Ø³ÙˆÙŠ Ø§Ù„Ù‚Ù‡ÙˆÙ‡ ÙˆÙ†Ù„Ù‚Ù… Ø§Ù„Ù„Ù‚ÙŠÙ…Ø§Øª ÙˆÙ„Ùˆ ØªÙ‚ÙˆÙ„ Ø´ÙŠ Ø§Ù„Ù…Ù„Ø§Ø³ ÙŠÙ†ØªØ¸Ø±Ùƒ', 'Ø£ÙŠ ÙˆØ§Ù„Ù„Ù‡ Ø§ØªÙØ¯Ù†ÙŠ', 'ğŸ˜‚ğŸ˜‚ğŸ˜‚Ø´ÙƒÙ„Ù‡ Ù…Ø«Ù„ÙŠ ÙŠØ­ÙØ¸ Ø§ÙÙƒØ§Ø± ÙˆÙÙŠØ¯ÙŠÙˆÙ‡Ø§Øª ÙˆØ¨Ø¹Ø¯ÙŠÙ† Ù…Ø§ÙŠØ·Ø¨Ù‚Ù‡Ù†', 'Ø¨ØªØ­Ø³Ù…Ø§ØªØºØ¨Ø®ØºØ¨', 'ğŸ˜‚ğŸ˜‚ğŸ˜‚', 'â¤â¤â¤']",2d ago,2023-03-20
11,https://www.tiktok.com/@iamdtg/video/7211240110858259718,iamdtg,12.2K,110,235,Accurate or nah? ğŸ˜‚,"['#fyp', '#eminem', '#funny']","[""let's hear Eminem trash talk while playing online games"", '@eminem ğŸ˜‚', 'Dude is just ILL!', 'TREE SAP ğŸ˜‹ ğŸ¥°ğŸ˜‚', 'ğŸ˜‚ğŸ˜‚', 'B ğŸ‡', '@favoritesiykyk', 'hiii', 'ğŸ˜‚ğŸ˜‚ğŸ˜‚', ""@B'look (rÃ¦ppern)"", 'ğŸ˜‚ğŸ˜‚ğŸ˜‚ğŸ¥°', 'ğŸ˜‚ğŸ˜‚ğŸ˜‚ğŸ˜‚ğŸ˜‚', 'ğŸ˜‚', 'ğŸ˜‚ğŸ˜‚ğŸ˜‚', 'ğŸ¤£ğŸ˜ğŸ˜€', '@eminem', 'ğŸ˜‚ğŸ˜‚ğŸ˜‚', 'ğŸ˜‚ğŸ˜‚', 'ğŸ˜‚ğŸ˜‚ğŸ˜‚ğŸ˜‚ğŸ˜‚', 'ğŸ˜‚ğŸ˜‚ğŸ˜‚']",4d ago,2023-03-20
12,https://www.tiktok.com/@147lilly/video/7201856219986939141,147lilly,146.5K,11.7K,259,FOLLOWING BACK WHEN TIKTOK ALLOWS ME â€¼ï¸#fyp,"['#foryoupage', '#fyp', '#icespice', '#icespicecult', '#munch', '#icespicemunch', '#following']","['no itâ€™s bc i love ice spice ğŸ¥°(i need the followers man)', 'ğŸ˜™ğŸ˜™', 'ğŸ˜­ğŸ˜­', '@â™¥ï¸ ğŸ˜­', 'ğŸ˜­ğŸ˜­', 'ğŸƒ\u200dâ™€ï¸', 'IN ICE SPICE WE TRUSTTTT ğŸ˜‰ğŸ¤·ğŸ¾\u200dâ™€ï¸', 'ğŸ˜³', 'love the ice spice cult', 'Ice spice on top', 'Ice spice frv', 'Ice spice 4lifeee', 'Nope..gotta love ice spice ğŸ˜', 'hey', 'SameğŸ˜­', 'guilty', 'ICE SPICE IS ICE LIFE', 'yes', 'real', 'NAH I LOVE ICE SPICEğŸ¤·\u200dâ™€ï¸']",2-19,2023-03-20
13,https://www.tiktok.com/@holybranches/video/7196718834093444354,holybranches,3.3M,19.4K,16.2K,"or, yknow, don't! /","['#julieandthephantoms', '#jatp', '#jatpedit']","['YES WE NEED MORE JULIE AND THE PHANTOMS EDITS!! THANK YOU!', 'FINALLY JULIE AND THE PHANTOMS EDITS', 'FINALLY JULIE AND THE PHANTOMS ARE ON MY FYP', 'explaining how they died is so silly', 'NO YOU DIDNT ğŸ˜­ğŸ˜­ğŸ˜­', 'Time to go rewatch Julie and the phantoms ğŸ˜Œ', 'when I watched it I was like â€œWAIT HOW THEY DIEâ€ğŸ˜­', 'I never understood this scene till now', 'FINALLY', 'I remember when this first came out and people where convinced that Trevor poisoned the hotdogs', 'the fact they said before that was ""street dogs haven\'t killed us yet""', 'QUALITY', 'THEY NEED TO BRING THIS SHOW BACK RNNNN', ""I'M FINALLY ON JULIE AND THE PHANTOMS TIKTOK YAYYYYYY"", 'WHAT I LOVE LULIE AND THE PHANTOMS I THOUGHT I WAS ONLY ONE THAT WATCHED IT?ğŸ˜¨', 'I forgot this show existed', 'I FINALLY FOUND THE FANDOM', 'OMG I LOVE THIS BUT IM SAD THEYâ€™RE CANCELING IT', 'I need s2 I need it Iâ€™m in need', 'THANK U I NEED MORE OF JULIE AND THE PHANTOMS EDITS']",2-5,2023-03-20
14,https://www.tiktok.com/@mdmotivator/video/7203838800164916486,mdmotivator,867.6K,3456,1426,"I tried giving $2000 iPhone away, BUT then this happened ğŸ¥ºâ¤ï¸","['#iphone', '#mom', '#lent']","['A woman of faith ğŸ¤ğŸ½', 'ğŸ™', 'Who buys IPhones in dollar tree stores ??? They knewğŸ˜‚', 'Did he say giving up lying? ğŸ˜‚ Whatâ€™s he been up to lol', 'He said heâ€™s giving up lying for Lent. AHHHHH!!! ğŸ˜©ğŸ˜­', 'ğŸ¥°ğŸ¥°', 'Sheâ€™s been watching the tiktoks ğŸ˜‚ğŸ˜‚ğŸ˜‚', 'God bless her', 'She been watching tik tok she knows better lol', 'â¤ï¸â¤ï¸', 'super', 'This man is such a W i swear. Keep up the good work bro! ğŸ’ª', 'amazing ğŸ¤—ğŸ¤—ğŸ¤—', 'wow', 'you are amazing', 'Sheâ€™s an example for her son ğŸ¥¹â™¥ï¸', 'Buying an IPhone at dollar store......', 'God blessâ¤ï¸', 'This is beautiful']",2-24,2023-03-20
15,https://www.tiktok.com/@kubikrombik/video/7202274462505438469,kubikrombik,247.3K,842,1795,Ğ£ÑĞ²Ğ»ÑÑ”Ñˆ?,['#kubikrombik'],"['@sqvchv ğŸ˜‚', 'ğŸ˜‚ğŸ˜‚ğŸ˜‚', '@viky_witch ğŸ¥°ğŸ˜‚', '@sashantj ğŸ˜‚', '@_karishhka_21 ğŸ˜‚ğŸ˜‚ğŸ˜‚ğŸ˜‚', 'ĞºĞ¾Ğ»Ğ¸ Ğ¼Ğ¸ Ğ¿ĞµÑ€ĞµĞ¼Ğ¾Ğ¶ĞµĞ¼Ğ¾ Ğ²ÑÑ– Ğ±ÑƒĞ´ÑƒÑ‚ÑŒ Ğ¿Ğ¸Ñ‚Ğ¸, Ğ½Ğ°Ğ²Ñ–Ñ‚ÑŒ Ñ‚Ğ¸ Ñ…Ñ‚Ğ¾ Ğ· Ñ€Ğ¾Ğ´Ñƒ Ğ½Ğµ Ğ¿Ğ¸Ğ²', 'Ğ° Ğ¼ĞµĞ½Ñ– Ğ²Ğ¶Ğµ ÑˆĞºĞ¾Ğ´Ğ° Ñ‚ĞµĞ±Ğµ ÑÑ‚Ğ°Ğ»Ğ¾ğŸ˜‚', 'Ğ¿Ğ¾Ğ²: Ñ Ñ€Ğ¾Ğ·Ğ¿Ğ¾Ğ²Ñ–Ğ´Ğ°Ñ Ğ²ÑÑ–Ğ¼ Ğ¿Ñ€Ğ¾ ÑĞ²Ğ¾Ñ” Ğ¶Ğ¸Ñ‚Ñ‚Ñ', 'Ğ¯ Ñ€ĞµĞ°Ğ»ÑŒĞ½Ğ¾ Ğ²Ğ¶Ğµ 15 Ğ³Ğ¾Ğ´Ğ¸Ğ½ ÑĞº Ğ½Ğµ Ğ¿ÑŒÑ Ğ°Ğ»ĞºĞ¾', 'Ğ’Ğ¶Ğµ ÑĞº 2 Ñ€Ğ¾ĞºĞ¸ Ñ Ñ‡ĞµĞºĞ°Ñ, Ğ¿Ğ¾ĞºĞ¸ Ğ”Ğ°ÑˆĞ° Ğ»Ğ°Ğ¹ĞºĞ½Ğµ Ğ¼Ñ–Ğ¹ ĞºĞ¾Ğ¼ĞµĞ½Ñ‚', 'Ğ² Ñ‚Ğ°ĞºĞ¸Ğ¹ Ñ‡Ğ°Ñ ÑĞº Ğ·Ğ°Ñ€Ğ°Ğ· ĞºĞ¾Ğ»Ğ¸ Ğ¹Ğ´Ğµ Ğ²Ñ–Ğ¹Ğ½Ğ° Ñ– Ğ¼Ğ¾Ğ¶Ğµ ÑÑ‚Ğ°Ñ‚Ğ¸ÑÑŒ Ñ‰Ğ¾ Ğ·Ğ°Ğ²Ğ³Ğ¾Ğ´Ğ½Ğ¾, Ğ½Ğµ Ğ¿Ğ¾Ñ‚Ñ€Ñ–Ğ±Ğ½Ğ¾ ÑĞ¾Ğ±Ñ– Ğ² Ñ‡Ğ¾Ğ¼ÑƒÑÑŒ Ğ²Ñ–Ğ´Ğ¼Ğ¾Ğ²Ğ»ÑÑ‚Ğ¸ Ñ‚Ğ¾Ğ¼Ñƒ Ñ‰Ğ¾ Ğ·Ğ°Ğ²Ñ‚Ñ€Ğ° Ğ¼Ğ¾Ğ¶Ğµ Ğ½Ğµ Ğ½Ğ°ÑÑ‚Ğ°Ñ‚Ğ¸, Ñ ÑĞ°Ğ¼Ğµ Ñ‚Ğ°Ğº Ñ– Ğ¶Ğ¸Ğ²Ñƒ', 'Ğ¡ÑŒĞ¾Ğ³Ğ¾Ğ´Ğ½Ñ– Ğ´ĞµĞ½ÑŒ Ğ½ĞµĞ±ĞµÑĞ½Ğ¾Ñ— ÑĞ¾Ñ‚Ğ½Ñ– ğŸ•¯', 'Ñ Ğ²Ğ¶Ğµ Ñ Ğ¿ĞµÑ€ÑˆĞ¸Ñ… ÑĞ»Ñ–Ğ² Ñ†Ğµ Ğ·Ñ€Ğ¾Ğ·ÑƒĞ¼Ñ–Ğ»Ğ°', 'Ğ¢Ğ¾ Ñ‡ÑƒĞ²ÑÑ‚Ğ²Ğ¾, ĞºĞ¾Ğ³Ğ´Ğ° ÑƒĞ³Ğ°Ğ´Ğ°Ğ» ĞºĞ¾Ğ½Ñ†Ğ¾Ğ²ĞºÑƒğŸ˜ğŸ˜', 'Ğ‘Ğ°Ñ‡Ñƒ Ğ”Ğ°ÑˆÑƒ - ÑÑ‚Ğ°Ğ²Ğ»Ñ Ğ»Ğ°Ğ¹Ğº', 'Ğ Ñ Ğ²Ğ¶Ğµ Ğ¿Ğ¾Ğ²Ñ–Ñ€Ğ¸Ğ²ğŸ˜‚', 'Ğ—Ñ€Ğ¾Ğ±Ğ¸Ğ²(-Ğ»Ğ°) Ñ€ĞµĞ¿Ğ¾ÑÑ‚ Ñ†ÑŒĞ¾Ğ³Ğ¾ Ğ²Ñ–Ğ´ĞµĞ¾', 'ĞºĞ¾Ğ¶Ğ½Ğµ Ğ²Ñ–Ğ´ĞµĞ¾ Ğ· Ğ¿ĞµÑ€ĞµĞ´Ğ±Ğ°Ñ‡ÑƒĞ²Ğ°Ğ½Ğ¸Ğ¼ ĞºÑ–Ğ½Ñ†ĞµĞ¼ğŸ˜³', 'ğŸ˜‚ğŸ˜‚ğŸ˜‚ğŸ˜‚Ğ¢Ğ°Ğº Ğ¯Ğº Ğ† Ğ¯', 'Ñ‚Ğ¸ Ğ´ÑƒĞ¶Ğµ ĞºĞ»Ğ°ÑĞ½Ğ°']",2-20,2023-03-20
16,https://www.tiktok.com/@swagboygorringe/video/7210199873621183762,swagboygorringe,333.5K,3585,4477,I have no idea whats happening here but i could beat them both,"['#fyp', '#foryou', '#foryoupage', '#xyzbca', '#viral']","['what is happening. ğŸ§', 'Two weird kids who never get attention donâ€™t realize people are laughing at them not with them ğŸŒ', 'The fact that this actually happened in real life', 'They were very serious about this battle.', 'How does things type of stuff even startğŸ§', 'wada heel', 'Npc vs emo', 'having a dance battle w/ 0 music is crazy', 'HOW ARE THEY NOT EMBARRASSED', 'intense anime fight', 'Most normal NPC interaction in Los Santos', 'ğŸ˜ Early ğŸ˜‰', 'Wonder what the bully to nerd ratio in school is like nowadays', 'Me when someone placed an order', 'not me wanting you to move your head so I can see the name of the original account lol', 'Cool video ğŸ˜…', 'they are showing the hidden talentğŸ˜³', 'how are that many ppl hyping it up tho. wtf lol', 'the fact that they actually thing they did something', 'Bros ass is sweating ğŸ’€ğŸ˜­']",6d ago,2023-03-20
17,https://www.tiktok.com/@helinakeiju69/video/7208319891722489093,helinakeiju69,1211,0,3,,[],[],3-8,2023-03-20
18,https://www.tiktok.com/@tmovisuals/video/7212084020258131246,tmovisuals,318.7K,9359,123,Gift for @rug ! Day 41,"['#chugrug', '#xyzbca', '#fazerug', '#brawadis', '#fyp', '#notviral', '#overrated']","['noah', 'Alex', 'angel', 'Katherine', 'Taylor', 'Jayden', 'benny', 'Naomi', 'Dylan', 'Jace', 'kayden', 'Brayden', 'colin', 'Tyson', 'sophia', 'Kevin', 'zion', 'amber', 'Dylan', 'Luke']",1d ago,2023-03-20
19,https://www.tiktok.com/@iaf1/video/7211886820739583234,iaf1,9966,39,134,Ù…Ø¹ @Chef Eman ğŸ‘©ğŸ»â€ğŸ³ Ù…Ø§Ø´Ø§Ø¡ Ø§Ù„Ù„Ù‡ Ø¹Ù„ÙŠÙ‡Ø§ ğŸ˜ğŸ‘ğŸ»,"['#Ø¯ÙˆÙŠØªÙˆ', '#Ø§Ø­Ù…Ø¯_ÙÙ‡Ø¯', '#Ø§ÙƒØ³Ø¨Ù„ÙˆØ±', '#Ø§Ù„Ø³Ø¹ÙˆØ¯ÙŠØ©']","[""I don't know what you are saying --but I know exactly what you are saying. ğŸ˜‚ Bravo! Great review!! I want to watch you review anything!"", 'ğŸ˜‚ğŸ˜‚ğŸ˜‚â¤ï¸', 'Ø§Ù†Øª Ù…Ø§ØªØ¬ÙŠ Ø§Ù„Ø§ ÙÙŠ Ø±Ù…Ø¶Ø§Ù†', 'Ø§Ù†Øª Ù… ØªØ¬ÙŠÙ†ÙŠ Ø§Ù„Ø§ Ø§Ø°Ø§ Ø¬Ø§ Ø±Ù…Ø¶Ø§Ù† ØŸ', 'Ø¨Ø³ Ø°ÙŠ Ø§Ù„Ø§ÙƒÙ„Ù‡ Ù…Ù…ÙƒÙ† ØªØ¹Ø·Ø´', 'ÙŠØ¹Ø¬Ø¨Ù†ÙŠ Ù„Ù…Ø§ ÙŠØ³ÙˆÙŠ Ù†ÙØ³Ù‡ Ù…Ø§ Ø´Ø§Ù Ø§Ù„ÙÙŠØ¯ÙŠÙˆ ğŸ˜‚ğŸ˜‚ğŸ˜‚ğŸ˜‚', 'ğŸ˜‚ğŸ˜‚', 'Ù…Ø´Ø§Ù„Ù„Ù‡', 'Ø§Ù„Ù„Ù‡Ù… Ø¨Ù„ØºÙ†Ø§ Ø±Ù…Ø¶Ø§Ù†ğŸ˜Š', 'ğŸ¥°ğŸ¥°ğŸ¥°ğŸ¥°ÙƒÙ„ Ø¹Ø§Ù… ÙˆØ§Ù†ØªÙ… Ø¨Ø®ÙŠØ± Ø¨Ù…Ù†Ø§Ø³Ø¨Ø© Ø´Ù‡Ø± Ø±Ù…Ø¶Ø§Ù†', 'Ø±Ù…Ø¶Ø§Ù† ÙƒØ±ÙŠÙ…', 'ØªØ³ØªØ§Ù‡Ù„ ÙŠØ§Ø§Ø­Ù…Ø¯', 'Ø§Ø­Ø³Ù† Ø´ÙŠÙğŸ¥°', 'Ø§Ù†Øª Ù…Ø§ ÙƒÙ†Øª ÙŠÙˆØªÙŠÙˆØ¨Ø±', 'ğŸ˜‚ğŸ˜‚ğŸ˜‚', 'Ø´ÙƒÙ„Ùƒ Ø¬ÙˆØ¹Ø§Ù† Ù…Ø«Ù„ÙŠ', 'Ø§Ø®ÙŠ ØªØ®Ø¨Ù„', 'ÙƒÙ„ Ø³Ù†Ø© ÙˆÙˆØ§Ù†ØªÙˆ Ø¨Ø§Ù„Ù Ø®ÙŠØ±', 'Ø§ÙˆÙ„ Ù…Ø¨Ø¯Ø¹Ø¹Ø¹Ø¹Ø¹Ø¹ Ø·Ù„Ø¹ ØªØ¹Ù„ÙŠÙ‚ÙŠ ØªÙƒÙÙ‰', 'Ø§ÙˆÙ„Ù„Ù„ğŸ¤']",2d ago,2023-03-20
20,https://www.tiktok.com/@iamdtg/video/7211240110858259718,iamdtg,12.2K,110,235,Accurate or nah? ğŸ˜‚,"['#fyp', '#eminem', '#funny']","[""let's hear Eminem trash talk while playing online games"", 'How has Eminem not seen this man?', 'first', 'Eminem got a barista doppelgÃ¤nger', 'B rabâ€¦ IT ğŸ˜‚', 'the way he keeps reciting #rapgod ğŸ˜‚', ""ain't this lil Windex???"", 'firsy like', 'bro is more Eminem than Geniune Eminem', 'ğŸ˜‚ğŸ˜‚ğŸ˜‚ğŸ˜‚', 'u get good talentğŸ˜…ğŸ˜…..u good bro', 'b rabbit decaf', 'ğŸ˜‚ğŸ˜‚ğŸ˜‚', 'ğŸ˜‚', 'ily', 'okay sir I quit my jobğŸ˜­ğŸ˜­', 'A Day in The Life', 'missed opportunity for an awfully hot coffee pot joke', 'he will never quit', 'ğŸ˜‚ğŸ˜‚']",4d ago,2023-03-20
21,https://www.tiktok.com/@theonlyromantoolit/video/7211928532694469930,theonlyromantoolit,17.4K,461,36,What yall eat for breakfast?!?,"['#fy', '#fyp', '#trending', '#wtofam']","['ramen w/ kimchi with dumplings', 'Red takis and Iâ€™m still eating them', 'Nothing', 'Jackson ğŸ˜ğŸ˜', 'I ate air for breakfast ğŸ¤·ğŸ¿\u200dâ™€ï¸', 'First time you are in my fyp', 'I ate jackson', 'Steak', 'The one in the red thoğŸ˜', 'Yoo ramen I had pancakes and bacon', 'i aint eat breakfast lmaoğŸ¤·ğŸ½\u200dâ™€ï¸', 'Do Roman answer ?', 'A nice cold glass of sprite', 'nah jackson tho!!!!', 'Hi Roman', 'I ate air for breakfast no cap', 'air', 'Forget Roman Jackson hotter no cap sorry Roman you were cute but Jackson a different level', 'Eggs and bacon and toast', 'Young goat ytb fr']",2d ago,2023-03-20
22,https://www.tiktok.com/@holybranches/video/7196718834093444354,holybranches,3.3M,19.4K,16.2K,"or, yknow, don't! /","['#julieandthephantoms', '#jatp', '#jatpedit']","['YES WE NEED MORE JULIE AND THE PHANTOMS EDITS!! THANK YOU!', 'FINALLY JULIE AND THE PHANTOMS EDITS', 'FINALLY JULIE AND THE PHANTOMS ARE ON MY FYP', 'explaining how they died is so silly', 'NO YOU DIDNT ğŸ˜­ğŸ˜­ğŸ˜­', 'Time to go rewatch Julie and the phantoms ğŸ˜Œ', 'when I watched it I was like â€œWAIT HOW THEY DIEâ€ğŸ˜­', 'I never understood this scene till now', 'FINALLY', 'I remember when this first came out and people where convinced that Trevor poisoned the hotdogs', 'the fact they said before that was ""street dogs haven\'t killed us yet""', 'QUALITY', 'THEY NEED TO BRING THIS SHOW BACK RNNNN', ""I'M FINALLY ON JULIE AND THE PHANTOMS TIKTOK YAYYYYYY"", 'WHAT I LOVE LULIE AND THE PHANTOMS I THOUGHT I WAS ONLY ONE THAT WATCHED IT?ğŸ˜¨', 'I forgot this show existed', 'I FINALLY FOUND THE FANDOM', 'OMG I LOVE THIS BUT IM SAD THEYâ€™RE CANCELING IT', 'I need s2 I need it Iâ€™m in need', 'THANK U I NEED MORE OF JULIE AND THE PHANTOMS EDITS']",2-5,2023-03-20
23,https://www.tiktok.com/@mdmotivator/video/7206425732921265413,mdmotivator,2M,11.1K,3764,â€œIâ€™m having a bad dayâ€ ğŸ¥ºâ¤ï¸ (Donation L1NK L1VE),"['#lucky', '#travel', '#warm', '#money', '#payitforward', '#kindness', '#loving', '#empathy']","['Can we get Larry to Arizona ğŸ¥º', 'LARRY TO ARIZONA HERE WE GOOO!!', ""let's get Larry to Arizona"", 'Please take Larry to Arizona', 'GET A GO FUND ME WE NEED TO GET LARRY TO ARIZONA FOREVER IDC WHAT WE DO! OR HOW WE DO IT ğŸ¥ºğŸ¥ºğŸ¥º', 'Bro is better than mr beast', 'lets take larry to arizona', 'Gives up his reward to others to make theyâ€™re day better instead of leaving he deserves a big reward', 'take Larry to arizona rn', 'How do we protect Larry', 'Donâ€™t you dare post another video if itâ€™s not you surprising Larry with going to Arizona.', '@freyaprivacc ğŸ¥°', 'LETâ€™S GET LARRY TO ARIZONA!!!', 'We need to start a go fund for Larry so he can go to Arizona', 'Please get this man to Arizona ğŸ¥º', 'He really deserved this ğŸ¥º', 'He is the cutest. His â€œthank youâ€™sâ€ ğŸ¥ºğŸ¥ºğŸ¥º', 'Crying', 'Get him to Arizona', 'â¤ï¸']",3-3,2023-03-20
24,https://www.tiktok.com/@campuzanoabelardo/video/7212384430898416939,campuzanoabelardo,30K,548,572,So loud for no reason!ğŸ¤£ğŸ˜­,"['#relatable', '#share', '#hispanic', '#fy', '#fyp', '#fypage', '#nyc', '#hispanicparents', '#dads', '#latino', '#like', '#actor']","['The people in the back thoğŸ˜‚', 'Literally ğŸ˜‚', 'Like they want to stand outğŸ˜­ğŸ˜­', 'Did anyone notice the people in the background just looking at himğŸ¥¹ğŸ˜‚', 'HIII', 'Does he respond??', 'I love thisğŸ˜‚', 'Fr ğŸ˜‚ğŸ˜‚ğŸ˜‚', 'They are the noise', 'The lady in the back lmaooo', 'So accurate ğŸ˜', 'the guy got scared ğŸ˜‚ğŸ˜‚ğŸ˜‚', 'For real though like then, they start walking random places and they like just laughing around', 'ğŸ˜³ğŸ˜‚ Yes this is so true ğŸ™ŒğŸ’™', 'Always so loud for no reason!! ğŸ˜‚ğŸ˜‚', 'Does he respond ğŸ˜³', 'I swear they loud for no reason', 'For real ğŸ˜‚ğŸ˜‚ğŸ˜‚ğŸ˜‚', 'look at the people in the back', 'When you laughed the people on the back started look at youğŸ˜‚ğŸ˜‚']",1d ago,2023-03-20
25,https://www.tiktok.com/@annemarie/video/7211194644091407621,annemarie,164.1K,1241,747,Nah jazz saying water gets me,[],"['ğŸ˜‚ğŸ˜‚ Anne Marie pls say a bottle of water plsğŸ˜ğŸ˜…', 'Who the hell says ""Ee-volution""???', 'Love this ğŸ˜‚', 'CAF? Who on Earth says CAF? ğŸ˜‚ğŸ˜‚ğŸ˜‚', 'She lovely?)) @Cindy', 'I do not say eve-alution', 'Can I have a glass of âœ¨WA-ERâœ¨', 'â€œProNUNciationsâ€', 'Is it only me whoâ€™s from the uk and pronounces cafe like an American', 'this is why I LOVE Anne-Marie, look how child like and fun she isğŸ¥º', 'wait i thought jazz was british im-', 'I simply cannot get over how CUTE you both are! ğŸ¥°ğŸ¥°ğŸ¥°ğŸ¥°', 'Water ğŸ˜‚ğŸ˜‚ğŸ˜‚ğŸ˜‚', 'The british accent is my favorite â¤ğŸ‡¬ğŸ‡§ğŸ’“', 'ğŸ˜‚ğŸ˜‚ğŸ˜‚ğŸ˜‚ğŸ˜‚â¤ï¸', '@flora wa-her ğŸ˜­', 'ğŸ˜‚', 'ğŸ˜‚ğŸ˜‚ğŸ˜‚ğŸ˜‚', 'I love American pronunciation ğŸ¥°â™¥ï¸â™¥ï¸', 'actions']",4d ago,2023-03-20
26,https://www.tiktok.com/@latifaazizi404/video/7211581688575511826,latifaazizi404,10.1K,0,89,Ù¾ÙˆÙ„Ù†Ø¯ÛŒ Ú¯Ú© ØªØ§Ù† â˜ºï¸ğŸ§¿ğŸ‡¦ğŸ‡«,['#latifaaziz404'],[],3d ago,2023-03-20
27,https://www.tiktok.com/@isthisariss/video/7199000845357174059,isthisariss,123.7K,823,1800,but ts lowkey easy cause my brain be running a million miles a min 24/7,[],"['And the manager be in the back just chilling ğŸ˜’', 'the manager on their phone â€œcounting drawersâ€ in the office', 'i dont even eat at work so i be 10x more shaky and more disoriented than i need to be ğŸ˜­', 'Donâ€™t forget you gotta do it all AND keep the time down', 'I got fired bc I was doing this and my manager kept asking me what order we on and I snapped', 'i was so good at ts ğŸ˜‚', 'taco bell life ğŸ˜­ğŸ˜­', 'Me constantly, or when Iâ€™m by myself on line bc all of my coworkers decide they need to use the bathroomğŸ™„ğŸ™„ğŸ™„', ""We don't get paid enough to do this"", 'yup taco bell be like thatğŸ˜­i be having to sh8t so bad but during a rush so im like sweating and my stomach be hurtingggg', 'my old job my manager would go in his car and smoke a blunt while there was a rush and left me alone rhe entire time', 'Some times Iâ€™m the only cashier and I have to do front and drive thru at the same time', 'Why am i at work rn ğŸ˜­', 'Just finished doing this lolğŸ˜‚', ""currently facing thus dilemma during a rush :D (I'm eating rn but I've been taking orders for like the past hour"", 'my first time working FF and drive thr my manager would yell at me having doing all of it alone and front desk and prepping', 'Customers pull up not knowing what they want asking a billion questions while the person at windows trying to talk to u omfg I get so heated', 'Why rush if Iâ€™m not getting paid extraaaağŸ˜­', 'Oh how bad I feel for you ğŸ˜Œ', 'car battery thing works']",2-11,2023-03-20
28,https://www.tiktok.com/@melinaadhikari53/video/7182436915205917979,melinaadhikari53,34K,183,35,Replying to @bharatbhandari292 Hxm xa Boini â¤ï¸,[],"['à¤šà¥à¤°à¥‹à¤Ÿ à¤¸à¤²à¥à¤•à¤¾à¤à¤•à¥‹ à¤­à¤ à¤¦à¤¾à¤®à¥€ like aauthyoğŸ˜‚', 'big fan ğŸ‘ŒğŸ‘Œ', 'ğŸ¥°ğŸ¥°ğŸ¥°ğŸ¥°ğŸ¥°ğŸ˜³ğŸ˜³ğŸ˜³', 'ğŸ¥°ğŸ¥°ğŸ¥°', 'Umm umm ğŸ¥°', 'hanxom lady â¤ï¸ğŸ¤', 'crushğŸ’šğŸ¥€', 'ğŸ˜‚ğŸ˜‚ğŸ˜‚', 'ğŸ¥°ğŸ‘ŒğŸ‘ŒğŸ‘ŒğŸ¤˜ğŸ¤˜', 'ğŸ¥°ğŸ¥°ğŸ¥°', 'ğŸ’•ğŸ¥°ğŸ¥°ğŸ¥°ğŸ¥°ğŸ¥°ğŸ¥°ğŸ¥°', 'ğŸ¥°ğŸ¥°ğŸ¥°', 'love u darling', 'pothiğŸ˜‚', 'Mine favoriteğŸ¥°', 'ğŸ¥°ğŸ¥°ğŸ¥°ğŸ¥°ğŸ¥°ğŸ¥°ğŸ¥°', 'meroğŸ¥°moyaaâ¤ï¸bigğŸ¥°fanğŸ¥°riplaiğŸ¥°plzâ¤ï¸ğŸ¥€', 'ğŸ˜³ğŸ˜³ğŸ˜³', 'la lağŸ˜³ğŸ˜³ğŸ˜³ğŸ˜³', 'ğŸ˜‚ğŸ˜‚ğŸ˜‚']",2022-12-29,2023-03-20
29,https://www.tiktok.com/@mostafa.ashraf14/video/7203337274266766597,mostafa.ashraf14,257.1K,770,863,@Hossam Hassan @Mahmoud Drinky,"['#duet', '#stitch', '#fypã‚·', '#foryou']","['ğŸ˜‚ğŸ˜‚ğŸ˜‚ğŸ˜‚', 'ğŸ˜‚ğŸ˜‚ğŸ˜‚ğŸ˜‚ğŸ˜‚', 'ğŸ˜‚ğŸ˜‚ğŸ˜‚ğŸ˜‚ğŸ˜‚', 'ğŸ˜‚ğŸ˜‚ğŸ˜‚ğŸ˜‚', 'ğŸ˜‚ğŸ˜‚ğŸ˜‚ğŸ˜‚', 'GameeeedğŸ˜‚ğŸ˜‚', 'ğŸ˜‚ğŸ˜‚ğŸ˜‚ğŸ˜‚ğŸ˜‚ğŸ˜‚', 'ğŸ˜‚ğŸ˜‚ğŸ˜‚ğŸ˜‚', 'ğŸ˜‚ğŸ˜‚ğŸ˜‚', 'ğŸ˜‚ğŸ˜‚', 'only in Egypt', '@spooky741 ğŸ˜‚ğŸ˜‚ğŸ˜‚', 'ğŸ˜‚ğŸ˜‚ğŸ˜‚ğŸ˜‚ğŸ˜‚', 'ğŸ˜‚ğŸ˜‚ğŸ˜‚ğŸ˜‚', 'ğŸ˜‚ğŸ˜‚ğŸ˜‚ğŸ˜‚', 'ğŸ˜‚ğŸ˜‚ğŸ˜‚ğŸ˜‚ğŸ˜‚', 'ğŸ˜‚ğŸ˜‚ğŸ˜‚ğŸ˜‚ğŸ˜‚', 'ğŸ˜‚ğŸ˜‚ğŸ˜‚ğŸ˜‚', '[wow]', 'ğŸ¥°']",2-23,2023-03-20
30,https://www.tiktok.com/@diyagc44/video/7196076087221308674,diyagc44,2460,48,10,,"['#CapCut', '#keppsupporting', '#GenshinImpact34', '#GetCrackin', '#vairalvideo', '#jptğŸ˜‚', '#diya44ğŸ¥°']","['wowğŸ¥°ğŸ¥°ğŸ¥°ğŸ¥°ğŸ¥°', 'ğŸ¥°ğŸ¥°ğŸ¥°', 'ğŸ¥°ğŸ¥°ğŸ¥°', 'ğŸ¥°ğŸ¥°ğŸ¥°ğŸ¥° nice', 'â¤â¤â¤', 'ğŸ¥°ğŸ¥°ğŸ˜‚', 'beautiful ğŸ¥°ğŸ¥°â¤ï¸ğŸ¥°', 'Big fan ğŸ¥°ğŸ¥°', 'ğŸ¥°ğŸ¥°ğŸ¥°', 'wow very nice song and dance ğŸ¥°ğŸ¥°ğŸ¥°', 'wow ğŸ˜²ğŸ˜²ğŸ˜²', 'ğŸ¥°ğŸ¥°ğŸ¥°', 'ğŸ¥°ğŸ¥°ğŸ¥°', 'gjbâ¤ï¸â¤ï¸â¤ï¸â¤ï¸â¤ï¸', 'à¤¦à¤¾à¤®à¤¿ğŸ¥°ğŸ¥°ğŸ¥°ğŸ¥°ğŸ¥°ğŸ¥°', 'bg fan dct', 'wowğŸ¥°', 'wow ğŸ¥°', 'ğŸ¥°ğŸ¥°ğŸ¥°ğŸ¥°', ""I'm bg fan really plz ğŸ¥°ğŸ¥°and""]",2-3,2023-03-20
31,https://www.tiktok.com/@katiefanggg/video/7211287664060845317,katiefanggg,141.8K,806,132,Omfg i look like poo in the beginning,[],"['the hermes bracelet is back where it belongs ğŸ’…ğŸ¼', 'Thank god you found the HERMES bracelet', 'the only grwms iâ€™ll sit through for the whole thing', 'the nail tech slayed !', 'rule n 1: dont touch the apllicator IN YOUR FACE', 'Ur videos keep me going. Literally give me motivation to be productive. Btw ur so beautiful ğŸ¤ğŸ¼ğŸ’‹', 'NOOOO WHAT HAPPENED YO UR LIVE', 'YAY YOU POSTED', 'I got those EXACT same nails last summer', 'whereâ€™s ur bracelet chain from!! ğŸ™ğŸ™ğŸ™ğŸ™', 'what is the first product', 'i honestly think your the most beautiful woman Iâ€™ve ever seen <3.', 'TOU BOUGHT TGE FULL THING', 'someone helpğŸ˜­ what kind of brow gel do you use? nothing works for me', 'no this nail length is niceee', 'Why are you so pretty', 'I think youâ€™re excited to go to Palm Springs', 'What is the heart bracelet called?', '@uh.nafisa the nail incident is no joke hurts so bad ğŸ˜­', 'girl u already look like a super model']",4d ago,2023-03-20
32,https://www.tiktok.com/@aeriebmarie/video/7201946642357046574,aeriebmarie,54.3K,241,903,Like if i could i would bro,[],"['Drink ensure plus', 'oh and dairy', 'Like bruh, ITâ€™S NOT WORKINGğŸ˜‚ğŸ˜‚', ""i seriously can't gain weight ğŸ˜ª"", 'yoooo!!! like I\'m eating 24/7... what do you mean ""eat more""!!!!ğŸ˜‚ğŸ˜‚ğŸ˜‚', 'its called high METABOLISMMM n brooo we cant gain weightttğŸ˜­', 'itâ€™s not workingğŸ¥ºğŸ˜©', 'ğŸ˜‚ğŸ˜…ğŸ˜…ğŸ˜‚ğŸ˜‚story of my life â€œeat more eggs and do squatsâ€ ğŸ™„ğŸ™„ğŸ™„girl please', 'Cipla Actin my love', 'I eat a lot . I just burn it off too fast ğŸ˜‚ğŸ˜‚ğŸ˜‚ it donâ€™t work lol', 'i really dont understand this world', 'Fr and they be like â€œ omg ur so skinyyy do they feed uâ€', 'Hi', 'As if I never thought to eat to gain. Iâ€™ve a high metabolism, lost 20 lbs in 12 dr visits. Stomach flu and I lost 9 more. Mum calls me Scary Skinny!!!', 'same here', 'Oatmeal with banana works', 'â˜¹ï¸', ""It's so funny, I Can't stop"", 'By the way gaining weight is so hard I gave up am stuck with 48 some times 50kg', 'ğŸ˜©ğŸ˜­ğŸ˜­ğŸ˜­']",2-19,2023-03-20
33,https://www.tiktok.com/@swagboygorringe/video/7210199873621183762,swagboygorringe,333.6K,3585,4479,I have no idea whats happening here but i could beat them both,"['#fyp', '#foryou', '#foryoupage', '#xyzbca', '#viral']","['what is happening. ğŸ§', 'The fact that this actually happened in real life', 'How does things type of stuff even startğŸ§', 'intense anime fight', 'Npc vs emo', 'HOW ARE THEY NOT EMBARRASSED', 'Most normal NPC interaction in Los Santos', 'ğŸ˜ Early ğŸ˜‰', 'Wonder what the bully to nerd ratio in school is like nowadays', 'Me when someone placed an order', 'not me wanting you to move your head so I can see the name of the original account lol', 'Cool video ğŸ˜…', 'they are showing the hidden talentğŸ˜³', 'Welp, that happened ğŸ˜¬ğŸ‘ğŸ¾', ""come on man that's to easy"", 'Disney', 'What in the Disney channel', 'dance battle in fortnite', 'intense stand user fight..', 'real life NPCs ğŸ˜‚']",6d ago,2023-03-20
34,https://www.tiktok.com/@rox.asmr/video/7209776590396427525,rox.asmr,11K,171,19,Respuesta a @estefania201312 te gusto el maquillaje?,"['#asm', '#relax', '#relajateyrespira', '#paratii', '#asmrtiktoks', '#asmrsounds', '#asmrvideo', '#sueÃ±os', '#sueÃ±oprofundo', '#relax']","['rox elige:\nğŸ¿oğŸ’§\nğŸ•¸ï¸oğŸ’‹\nğŸ¦·o ğŸ¨\nğŸ‘„oğŸ­\ngracias rox ğŸ’¯ğŸ’“', 'hey my rox ğŸ¥°ğŸ¥°ğŸ¥°', 'The best live asmrğŸ˜ŒğŸ˜ŒğŸ˜Œ', 'Spit painting xfa ğŸ˜¿', 'Me encanta ğŸ¤©', 'MI ROX HERMOSAAAA, LA MEJORRRR ğŸ¥°ğŸ¥°ğŸ¥°', 'Yo cerrando los ojos ğŸ‘ï¸ğŸ‘„ğŸ‘ï¸--_--', 'roz me puedes hacer un asmr personal Ã©stoy en tu live :D', 'Para descargar, por favor...ğŸ¥°', 'me puede peinar para irme a dormir yo estoy en tu liveğŸ¥º', 'estÃ¡ porfa ğŸ’¦ğŸ•ğŸš¿ğŸ§½ğŸğŸ', 'es muy relajanteğŸ˜', 'con tal de estar contigo hago lo que sea', 'EligeğŸ‘„oğŸ’…\nğŸ¦•OğŸ°', 'divina ,ğŸ–¤ğŸ–¤ğŸ¥€', 'Yo encantadisimo y me dormÃ­', 'Rox me puedes hacer esto ğŸ¦·ğŸ’…ğŸ•¸ï¸ğŸ”®', 'ğŸ¥°', 'Me dormi con el video ğŸ¥°', 'teamo']",3-12,2023-03-20
35,https://www.tiktok.com/@isthisariss/video/7199000845357174059,isthisariss,123.7K,823,1800,but ts lowkey easy cause my brain be running a million miles a min 24/7,[],"['And the manager be in the back just chilling ğŸ˜’', 'the manager on their phone â€œcounting drawersâ€ in the office', 'i dont even eat at work so i be 10x more shaky and more disoriented than i need to be ğŸ˜­', 'Donâ€™t forget you gotta do it all AND keep the time down', 'I got fired bc I was doing this and my manager kept asking me what order we on and I snapped', 'i was so good at ts ğŸ˜‚', 'taco bell life ğŸ˜­ğŸ˜­', 'Me constantly, or when Iâ€™m by myself on line bc all of my coworkers decide they need to use the bathroomğŸ™„ğŸ™„ğŸ™„', ""We don't get paid enough to do this"", 'yup taco bell be like thatğŸ˜­i be having to sh8t so bad but during a rush so im like sweating and my stomach be hurtingggg', 'my old job my manager would go in his car and smoke a blunt while there was a rush and left me alone rhe entire time', 'Some times Iâ€™m the only cashier and I have to do front and drive thru at the same time', 'Why am i at work rn ğŸ˜­', 'Just finished doing this lolğŸ˜‚', ""currently facing thus dilemma during a rush :D (I'm eating rn but I've been taking orders for like the past hour"", 'my first time working FF and drive thr my manager would yell at me having doing all of it alone and front desk and prepping', 'Customers pull up not knowing what they want asking a billion questions while the person at windows trying to talk to u omfg I get so heated', 'Why rush if Iâ€™m not getting paid extraaaağŸ˜­', 'Oh how bad I feel for you ğŸ˜Œ', 'car battery thing works']",2-11,2023-03-20
36,https://www.tiktok.com/@melinaadhikari53/video/7182436915205917979,melinaadhikari53,34K,183,35,Replying to @bharatbhandari292 Hxm xa Boini â¤ï¸,[],"['à¤šà¥à¤°à¥‹à¤Ÿ à¤¸à¤²à¥à¤•à¤¾à¤à¤•à¥‹ à¤­à¤ à¤¦à¤¾à¤®à¥€ like aauthyoğŸ˜‚', 'big fan ğŸ‘ŒğŸ‘Œ', 'ğŸ¥°ğŸ¥°ğŸ¥°ğŸ¥°ğŸ¥°ğŸ˜³ğŸ˜³ğŸ˜³', 'ğŸ¥°ğŸ¥°ğŸ¥°', 'Umm umm ğŸ¥°', 'hanxom lady â¤ï¸ğŸ¤', 'crushğŸ’šğŸ¥€', 'ğŸ˜‚ğŸ˜‚ğŸ˜‚', 'ğŸ¥°ğŸ‘ŒğŸ‘ŒğŸ‘ŒğŸ¤˜ğŸ¤˜', 'ğŸ¥°ğŸ¥°ğŸ¥°', 'ğŸ’•ğŸ¥°ğŸ¥°ğŸ¥°ğŸ¥°ğŸ¥°ğŸ¥°ğŸ¥°', 'ğŸ¥°ğŸ¥°ğŸ¥°', 'love u darling', 'pothiğŸ˜‚', 'Mine favoriteğŸ¥°', 'ğŸ¥°ğŸ¥°ğŸ¥°ğŸ¥°ğŸ¥°ğŸ¥°ğŸ¥°', 'meroğŸ¥°moyaaâ¤ï¸bigğŸ¥°fanğŸ¥°riplaiğŸ¥°plzâ¤ï¸ğŸ¥€', 'ğŸ˜³ğŸ˜³ğŸ˜³', 'la lağŸ˜³ğŸ˜³ğŸ˜³ğŸ˜³', 'ğŸ˜‚ğŸ˜‚ğŸ˜‚']",2022-12-29,2023-03-20
37,https://www.tiktok.com/@khaby.lame/video/7210876320128142598,khaby.lame,320.8K,8122,942,"""First day of work on site! ğŸ‘· ""#dontlearnfromkhaby","['#work', '#comic']","['First and Last ğŸ˜‚ğŸ˜‚ ğŸƒ\u200dâ™‚ï¸', 'I want 7 likes', 'First', 'it is what it is ğŸ¤·\u200dâ™‚ï¸ğŸ˜‚ğŸ˜‚ğŸ˜‚', 'oo noğŸ˜³ğŸ˜³', 'I love You Khabane Lame â¤ï¸', 'OMG ğŸ˜‚ğŸ˜‚ğŸ˜‚ğŸ˜‚', 'Does he respond ğŸ¤”', 'Hi', ""That's what that loud bang was outside my house"", 'plz support me', 'please support me ğŸ¥ºğŸ˜ƒğŸ¥ºğŸ˜ƒğŸ¥ºğŸ˜ƒ', 'First', 'WOW', 'oi kabby', 'whoops!ğŸ˜…', 'greetings from Mexico ğŸ¥°', 'The city is done ğŸ˜‚ğŸ˜‚', 'heyy', 'oneğŸ˜³']",5d ago,2023-03-20
38,https://www.tiktok.com/@holybranches/video/7196718834093444354,holybranches,3.3M,19.4K,16.2K,"or, yknow, don't! /","['#julieandthephantoms', '#jatp', '#jatpedit']","['YES WE NEED MORE JULIE AND THE PHANTOMS EDITS!! THANK YOU!', 'FINALLY JULIE AND THE PHANTOMS EDITS', 'FINALLY JULIE AND THE PHANTOMS ARE ON MY FYP', 'NO YOU DIDNT ğŸ˜­ğŸ˜­ğŸ˜­', 'Time to go rewatch Julie and the phantoms ğŸ˜Œ', 'explaining how they died is so silly', 'when I watched it I was like â€œWAIT HOW THEY DIEâ€ğŸ˜­', 'I never understood this scene till now', 'I remember when this first came out and people where convinced that Trevor poisoned the hotdogs', 'the fact they said before that was ""street dogs haven\'t killed us yet""', 'FINALLY', 'QUALITY', 'OMG I LOVE THIS BUT IM SAD THEYâ€™RE CANCELING IT', 'FINALLY FOUND JATP FANS!!!!!', 'they just wanted a hotdog ğŸ¥º', 'Julie and the phantoms one of my fav shows ngl', 'YESSSS JULIE AND THE PHANTOMS IS STILL ONE OF MY FAVORITES ğŸ˜‚ğŸ™ƒ', ""I'M FINALLY ON JULIE AND THE PHANTOMS TIKTOK YAYYYYYY"", 'â€œand thatâ€™s how ur cousins diedâ€', 'currently rewatching it and i hate netflix for cancelling it']",2-5,2023-03-20
39,https://www.tiktok.com/@147lilly/video/7201856219986939141,147lilly,146.5K,11.7K,259,FOLLOWING BACK WHEN TIKTOK ALLOWS ME â€¼ï¸#fyp,"['#foryoupage', '#fyp', '#icespice', '#icespicecult', '#munch', '#icespicemunch', '#following']","['no itâ€™s bc i love ice spice ğŸ¥°(i need the followers man)', 'ğŸ˜™ğŸ˜™', 'ğŸ˜­ğŸ˜­', '@â™¥ï¸ ğŸ˜­', 'ğŸ˜­ğŸ˜­', 'ğŸƒ\u200dâ™€ï¸', 'IN ICE SPICE WE TRUSTTTT ğŸ˜‰ğŸ¤·ğŸ¾\u200dâ™€ï¸', 'ğŸ˜³', 'love the ice spice cult', 'Ice spice on top', 'Ice spice frv', 'Ice spice 4lifeee', 'Nope..gotta love ice spice ğŸ˜', 'hey', 'SameğŸ˜­', 'guilty', 'ICE SPICE IS ICE LIFE', 'yes', 'real', 'NAH I LOVE ICE SPICEğŸ¤·\u200dâ™€ï¸']",2-19,2023-03-20
40,https://www.tiktok.com/@bayashi.tiktok/video/7211130657693617410,bayashi.tiktok,0,7081,Share,@ğ‘³ğ’šğ’ğ’ğ’. ã«è¿”ä¿¡,"['#tiktokfood', '#asmr']","[""8min It's that early??"", 'I adore you ğŸ’–ğŸ³ï¸\u200dğŸŒˆ', 'CONGRATS ON 44M BAYASHII ğŸ”¥ğŸ”¥ğŸ”¥ğŸ¥³ğŸ¥³ğŸ¥³', 'MY BlOğŸ˜¦ğŸ˜¦ğŸ˜¦', ""I like Bayashi's face. ğŸ˜Œ"", 'how in the hellğŸ˜³', ""keep going I'm nearly finished"", 'Happy 44.8M folowers ğŸ¥º', 'Happy 44.8M followers !ğŸ¥°ğŸ¥°', 'Happy ğŸ˜Š 44.8mil', ""that's one way to make meatloaf..."", 'Can you make poutine?', '@viv ulyennel varj', 'Does he respond ??? Cookie', 'almost at 50m', 'Gordon Ramsey should watch this!!!ğŸ˜‚ğŸ˜‚', 'Dude ate an entire damn meatloaf sandwich', 'bro just made a reverse burger.', 'follow me all please', 'Happy 44.8 followers ğŸ˜ğŸ˜ğŸ˜ğŸ˜ğŸ˜ğŸ˜â¤ï¸']",4d ago,2023-03-20
41,https://www.tiktok.com/@latifaazizi404/video/7211581688575511826,latifaazizi404,10.1K,0,89,Ù¾ÙˆÙ„Ù†Ø¯ÛŒ Ú¯Ú© ØªØ§Ù† â˜ºï¸ğŸ§¿ğŸ‡¦ğŸ‡«,['#latifaaziz404'],[],3d ago,2023-03-20
42,https://www.tiktok.com/@isthisariss/video/7199000845357174059,isthisariss,123.7K,823,1800,but ts lowkey easy cause my brain be running a million miles a min 24/7,[],"['And the manager be in the back just chilling ğŸ˜’', 'the manager on their phone â€œcounting drawersâ€ in the office', 'i dont even eat at work so i be 10x more shaky and more disoriented than i need to be ğŸ˜­', 'Donâ€™t forget you gotta do it all AND keep the time down', 'I got fired bc I was doing this and my manager kept asking me what order we on and I snapped', 'i was so good at ts ğŸ˜‚', 'taco bell life ğŸ˜­ğŸ˜­', 'Me constantly, or when Iâ€™m by myself on line bc all of my coworkers decide they need to use the bathroomğŸ™„ğŸ™„ğŸ™„', ""We don't get paid enough to do this"", 'yup taco bell be like thatğŸ˜­i be having to sh8t so bad but during a rush so im like sweating and my stomach be hurtingggg', 'my old job my manager would go in his car and smoke a blunt while there was a rush and left me alone rhe entire time', 'Some times Iâ€™m the only cashier and I have to do front and drive thru at the same time', 'Why am i at work rn ğŸ˜­', 'Just finished doing this lolğŸ˜‚', ""currently facing thus dilemma during a rush :D (I'm eating rn but I've been taking orders for like the past hour"", 'my first time working FF and drive thr my manager would yell at me having doing all of it alone and front desk and prepping', 'Customers pull up not knowing what they want asking a billion questions while the person at windows trying to talk to u omfg I get so heated', 'Why rush if Iâ€™m not getting paid extraaaağŸ˜­', 'Oh how bad I feel for you ğŸ˜Œ', 'car battery thing works']",2-11,2023-03-20
43,https://www.tiktok.com/@melinaadhikari53/video/7182436915205917979,melinaadhikari53,34K,183,35,Replying to @bharatbhandari292 Hxm xa Boini â¤ï¸,[],"['à¤šà¥à¤°à¥‹à¤Ÿ à¤¸à¤²à¥à¤•à¤¾à¤à¤•à¥‹ à¤­à¤ à¤¦à¤¾à¤®à¥€ like aauthyoğŸ˜‚', 'big fan ğŸ‘ŒğŸ‘Œ', 'ğŸ¥°ğŸ¥°ğŸ¥°ğŸ¥°ğŸ¥°ğŸ˜³ğŸ˜³ğŸ˜³', 'ğŸ¥°ğŸ¥°ğŸ¥°', 'Umm umm ğŸ¥°', 'hanxom lady â¤ï¸ğŸ¤', 'crushğŸ’šğŸ¥€', 'ğŸ˜‚ğŸ˜‚ğŸ˜‚', 'ğŸ¥°ğŸ‘ŒğŸ‘ŒğŸ‘ŒğŸ¤˜ğŸ¤˜', 'ğŸ¥°ğŸ¥°ğŸ¥°', 'ğŸ’•ğŸ¥°ğŸ¥°ğŸ¥°ğŸ¥°ğŸ¥°ğŸ¥°ğŸ¥°', 'ğŸ¥°ğŸ¥°ğŸ¥°', 'love u darling', 'pothiğŸ˜‚', 'Mine favoriteğŸ¥°', 'ğŸ¥°ğŸ¥°ğŸ¥°ğŸ¥°ğŸ¥°ğŸ¥°ğŸ¥°', 'meroğŸ¥°moyaaâ¤ï¸bigğŸ¥°fanğŸ¥°riplaiğŸ¥°plzâ¤ï¸ğŸ¥€', 'ğŸ˜³ğŸ˜³ğŸ˜³', 'la lağŸ˜³ğŸ˜³ğŸ˜³ğŸ˜³', 'ğŸ˜‚ğŸ˜‚ğŸ˜‚']",2022-12-29,2023-03-20
44,https://www.tiktok.com/@khaby.lame/video/7190422277069081862,khaby.lame,2.7M,20.7K,6087,Rule n.1 NEVER PISS OFF YOUR MOM!R.I.P. Khaby Lame ğŸª¦ğŸ’€#mum,['#dontlearnfromkhaby'],"['ooh noooo ğŸ˜ğŸ˜‚ğŸ˜ ğŸ™ƒ', 'ğŸ˜‚', 'ğŸ˜‚ğŸ˜‚ğŸ˜‚', 'ğŸ˜‚ğŸ˜‚ğŸ˜‚', 'ğŸ˜‚ğŸ˜‚ğŸ˜‚ğŸ˜‚', 'ğŸ˜‚ğŸ˜‚ğŸ˜‚ğŸ˜‚ğŸ˜‚', 'ğŸ˜‚', 'ğŸ˜‚ğŸ˜‚', 'ğŸ˜‚ğŸ˜‚ğŸ˜‚ğŸ˜‚ğŸ˜‚', 'ğŸ˜ğŸ˜', 'ğŸ˜‚ğŸ˜‚ğŸ˜‚', 'ğŸ˜‚ğŸ˜‚ğŸ˜‚ğŸ˜‚ğŸ˜‚ğŸ˜‚', 'ğŸ¥º', 'ğŸ˜‚ğŸ˜‚ğŸ˜‚', 'ğŸ¥°ğŸ˜‚', 'ğŸ˜ğŸ˜ğŸ˜', 'ğŸ˜‚ğŸ˜Š', 'ğŸ˜ğŸ˜ğŸ˜', 'ğŸ¥°', 'ğŸ˜‚ğŸ˜‚ğŸ¥°']",1-19,2023-03-20
45,https://www.tiktok.com/@thecoreyb/video/7188253031929007406,thecoreyb,917.7K,4467,42.3K,That bootleg bread pudding! ğŸ˜‚,[],"['Sending this flan recipe to my Cuban mother. Iâ€™m getting cut from the will.', 'Isnt that flan ?!?!', 'Thatâ€™s Flan', 'People stop calling this flan. This is not flan. This is bread pudding/ budÃ­n in Spanish.', 'Bread Pudding Bread pudding Bread Pudding!!!', 'Hereâ€™s an easier way, get haupia, Hawaiian sweet rolls and thatâ€™s it', 'Rich guy, Four eggs ğŸ’°ğŸ’°ğŸ’°', 'FLAN!! Lol its flan', 'Nigeria ğŸ‡³ğŸ‡¬', 'For people wondering, no, this aint â€œflanâ€', 'man, buy a ninja blender. for the love of God, do yourself a favor.', ""no srup lol ...it's sugar melted ğŸ˜…"", 'I do not use syrup you put sugar in the pan let it melt spread it around and then pour the blenders content', 'is supposed to be melted sugar, not whatever the syrup you putğŸ˜«ğŸ˜‚ğŸ˜‚', 'Cook something with @Keith Lee', 'just go to a Mexican restaurant or market and ask for a flan', 'bread pudding ğŸ® ğŸ˜‹', 'Thatâ€™s flan?? If youâ€™re Hispanic you know itâ€™s flan ğŸ®', 'Real Brazilian pudim:Repeat with: 2 condensed milk , 790ml milk, 6 eggs! Bake at Oven for 50 minutes ( bake with with water outside like you did)', 'â€¦ did they just white wash flan?']",1-13,2023-03-20
46,https://www.tiktok.com/@147lilly/video/7201856219986939141,147lilly,146.5K,11.7K,259,FOLLOWING BACK WHEN TIKTOK ALLOWS ME â€¼ï¸#fyp,"['#foryoupage', '#fyp', '#icespice', '#icespicecult', '#munch', '#icespicemunch', '#following']","['no itâ€™s bc i love ice spice ğŸ¥°(i need the followers man)', 'ğŸ˜™ğŸ˜™', 'ğŸ˜­ğŸ˜­', '@â™¥ï¸ ğŸ˜­', 'ğŸ˜­ğŸ˜­', 'ğŸƒ\u200dâ™€ï¸', 'IN ICE SPICE WE TRUSTTTT ğŸ˜‰ğŸ¤·ğŸ¾\u200dâ™€ï¸', 'ğŸ˜³', 'love the ice spice cult', 'Ice spice on top', 'Ice spice frv', 'Ice spice 4lifeee', 'Nope..gotta love ice spice ğŸ˜', 'hey', 'SameğŸ˜­', 'guilty', 'ICE SPICE IS ICE LIFE', 'yes', 'real', 'NAH I LOVE ICE SPICEğŸ¤·\u200dâ™€ï¸']",2-19,2023-03-20
47,https://www.tiktok.com/@swagboygorringe/video/7210199873621183762,swagboygorringe,333.6K,3585,4480,I have no idea whats happening here but i could beat them both,"['#fyp', '#foryou', '#foryoupage', '#xyzbca', '#viral']","['what is happening. ğŸ§', 'The fact that this actually happened in real life', 'How does things type of stuff even startğŸ§', 'intense anime fight', 'Npc vs emo', 'HOW ARE THEY NOT EMBARRASSED', 'Most normal NPC interaction in Los Santos', 'ğŸ˜ Early ğŸ˜‰', 'Wonder what the bully to nerd ratio in school is like nowadays', 'Me when someone placed an order', 'not me wanting you to move your head so I can see the name of the original account lol', 'Cool video ğŸ˜…', 'they are showing the hidden talentğŸ˜³', 'Welp, that happened ğŸ˜¬ğŸ‘ğŸ¾', ""come on man that's to easy"", 'Disney', 'What in the Disney channel', 'dance battle in fortnite', 'intense stand user fight..', 'real life NPCs ğŸ˜‚']",6d ago,2023-03-20
48,https://www.tiktok.com/@kubikrombik/video/7202274462505438469,kubikrombik,247.3K,842,1795,Ğ£ÑĞ²Ğ»ÑÑ”Ñˆ?,['#kubikrombik'],"['@sqvchv ğŸ˜‚', 'ğŸ˜‚ğŸ˜‚ğŸ˜‚', '@viky_witch ğŸ¥°ğŸ˜‚', '@sashantj ğŸ˜‚', '@_karishhka_21 ğŸ˜‚ğŸ˜‚ğŸ˜‚ğŸ˜‚', 'ĞºĞ¾Ğ»Ğ¸ Ğ¼Ğ¸ Ğ¿ĞµÑ€ĞµĞ¼Ğ¾Ğ¶ĞµĞ¼Ğ¾ Ğ²ÑÑ– Ğ±ÑƒĞ´ÑƒÑ‚ÑŒ Ğ¿Ğ¸Ñ‚Ğ¸, Ğ½Ğ°Ğ²Ñ–Ñ‚ÑŒ Ñ‚Ğ¸ Ñ…Ñ‚Ğ¾ Ğ· Ñ€Ğ¾Ğ´Ñƒ Ğ½Ğµ Ğ¿Ğ¸Ğ²', 'Ğ° Ğ¼ĞµĞ½Ñ– Ğ²Ğ¶Ğµ ÑˆĞºĞ¾Ğ´Ğ° Ñ‚ĞµĞ±Ğµ ÑÑ‚Ğ°Ğ»Ğ¾ğŸ˜‚', 'Ğ¿Ğ¾Ğ²: Ñ Ñ€Ğ¾Ğ·Ğ¿Ğ¾Ğ²Ñ–Ğ´Ğ°Ñ Ğ²ÑÑ–Ğ¼ Ğ¿Ñ€Ğ¾ ÑĞ²Ğ¾Ñ” Ğ¶Ğ¸Ñ‚Ñ‚Ñ', 'Ğ¯ Ñ€ĞµĞ°Ğ»ÑŒĞ½Ğ¾ Ğ²Ğ¶Ğµ 15 Ğ³Ğ¾Ğ´Ğ¸Ğ½ ÑĞº Ğ½Ğµ Ğ¿ÑŒÑ Ğ°Ğ»ĞºĞ¾', 'Ğ’Ğ¶Ğµ ÑĞº 2 Ñ€Ğ¾ĞºĞ¸ Ñ Ñ‡ĞµĞºĞ°Ñ, Ğ¿Ğ¾ĞºĞ¸ Ğ”Ğ°ÑˆĞ° Ğ»Ğ°Ğ¹ĞºĞ½Ğµ Ğ¼Ñ–Ğ¹ ĞºĞ¾Ğ¼ĞµĞ½Ñ‚', 'Ğ² Ñ‚Ğ°ĞºĞ¸Ğ¹ Ñ‡Ğ°Ñ ÑĞº Ğ·Ğ°Ñ€Ğ°Ğ· ĞºĞ¾Ğ»Ğ¸ Ğ¹Ğ´Ğµ Ğ²Ñ–Ğ¹Ğ½Ğ° Ñ– Ğ¼Ğ¾Ğ¶Ğµ ÑÑ‚Ğ°Ñ‚Ğ¸ÑÑŒ Ñ‰Ğ¾ Ğ·Ğ°Ğ²Ğ³Ğ¾Ğ´Ğ½Ğ¾, Ğ½Ğµ Ğ¿Ğ¾Ñ‚Ñ€Ñ–Ğ±Ğ½Ğ¾ ÑĞ¾Ğ±Ñ– Ğ² Ñ‡Ğ¾Ğ¼ÑƒÑÑŒ Ğ²Ñ–Ğ´Ğ¼Ğ¾Ğ²Ğ»ÑÑ‚Ğ¸ Ñ‚Ğ¾Ğ¼Ñƒ Ñ‰Ğ¾ Ğ·Ğ°Ğ²Ñ‚Ñ€Ğ° Ğ¼Ğ¾Ğ¶Ğµ Ğ½Ğµ Ğ½Ğ°ÑÑ‚Ğ°Ñ‚Ğ¸, Ñ ÑĞ°Ğ¼Ğµ Ñ‚Ğ°Ğº Ñ– Ğ¶Ğ¸Ğ²Ñƒ', 'Ğ¡ÑŒĞ¾Ğ³Ğ¾Ğ´Ğ½Ñ– Ğ´ĞµĞ½ÑŒ Ğ½ĞµĞ±ĞµÑĞ½Ğ¾Ñ— ÑĞ¾Ñ‚Ğ½Ñ– ğŸ•¯', 'Ñ Ğ²Ğ¶Ğµ Ñ Ğ¿ĞµÑ€ÑˆĞ¸Ñ… ÑĞ»Ñ–Ğ² Ñ†Ğµ Ğ·Ñ€Ğ¾Ğ·ÑƒĞ¼Ñ–Ğ»Ğ°', 'Ğ¢Ğ¾ Ñ‡ÑƒĞ²ÑÑ‚Ğ²Ğ¾, ĞºĞ¾Ğ³Ğ´Ğ° ÑƒĞ³Ğ°Ğ´Ğ°Ğ» ĞºĞ¾Ğ½Ñ†Ğ¾Ğ²ĞºÑƒğŸ˜ğŸ˜', 'Ğ‘Ğ°Ñ‡Ñƒ Ğ”Ğ°ÑˆÑƒ - ÑÑ‚Ğ°Ğ²Ğ»Ñ Ğ»Ğ°Ğ¹Ğº', 'Ğ Ñ Ğ²Ğ¶Ğµ Ğ¿Ğ¾Ğ²Ñ–Ñ€Ğ¸Ğ²ğŸ˜‚', 'Ğ—Ñ€Ğ¾Ğ±Ğ¸Ğ²(-Ğ»Ğ°) Ñ€ĞµĞ¿Ğ¾ÑÑ‚ Ñ†ÑŒĞ¾Ğ³Ğ¾ Ğ²Ñ–Ğ´ĞµĞ¾', 'ĞºĞ¾Ğ¶Ğ½Ğµ Ğ²Ñ–Ğ´ĞµĞ¾ Ğ· Ğ¿ĞµÑ€ĞµĞ´Ğ±Ğ°Ñ‡ÑƒĞ²Ğ°Ğ½Ğ¸Ğ¼ ĞºÑ–Ğ½Ñ†ĞµĞ¼ğŸ˜³', 'ğŸ˜‚ğŸ˜‚ğŸ˜‚ğŸ˜‚Ğ¢Ğ°Ğº Ğ¯Ğº Ğ† Ğ¯', 'Ñ‚Ğ¸ Ğ´ÑƒĞ¶Ğµ ĞºĞ»Ğ°ÑĞ½Ğ°']",2-20,2023-03-20
49,https://www.tiktok.com/@latifaazizi404/video/7211581688575511826,latifaazizi404,10.1K,0,89,Ù¾ÙˆÙ„Ù†Ø¯ÛŒ Ú¯Ú© ØªØ§Ù† â˜ºï¸ğŸ§¿ğŸ‡¦ğŸ‡«,['#latifaaziz404'],[],3d ago,2023-03-20
50,https://www.tiktok.com/@isthisariss/video/7199000845357174059,isthisariss,123.7K,823,1800,but ts lowkey easy cause my brain be running a million miles a min 24/7,[],"['And the manager be in the back just chilling ğŸ˜’', 'the manager on their phone â€œcounting drawersâ€ in the office', 'i dont even eat at work so i be 10x more shaky and more disoriented than i need to be ğŸ˜­', 'Donâ€™t forget you gotta do it all AND keep the time down', 'I got fired bc I was doing this and my manager kept asking me what order we on and I snapped', 'i was so good at ts ğŸ˜‚', 'taco bell life ğŸ˜­ğŸ˜­', 'Me constantly, or when Iâ€™m by myself on line bc all of my coworkers decide they need to use the bathroomğŸ™„ğŸ™„ğŸ™„', ""We don't get paid enough to do this"", 'yup taco bell be like thatğŸ˜­i be having to sh8t so bad but during a rush so im like sweating and my stomach be hurtingggg', 'my old job my manager would go in his car and smoke a blunt while there was a rush and left me alone rhe entire time', 'Some times Iâ€™m the only cashier and I have to do front and drive thru at the same time', 'Why am i at work rn ğŸ˜­', 'Just finished doing this lolğŸ˜‚', ""currently facing thus dilemma during a rush :D (I'm eating rn but I've been taking orders for like the past hour"", 'my first time working FF and drive thr my manager would yell at me having doing all of it alone and front desk and prepping', 'Customers pull up not knowing what they want asking a billion questions while the person at windows trying to talk to u omfg I get so heated', 'Why rush if Iâ€™m not getting paid extraaaağŸ˜­', 'Oh how bad I feel for you ğŸ˜Œ', 'car battery thing works']",2-11,2023-03-20
51,https://www.tiktok.com/@melinaadhikari53/video/7182436915205917979,melinaadhikari53,34K,183,35,Replying to @bharatbhandari292 Hxm xa Boini â¤ï¸,[],"['à¤šà¥à¤°à¥‹à¤Ÿ à¤¸à¤²à¥à¤•à¤¾à¤à¤•à¥‹ à¤­à¤ à¤¦à¤¾à¤®à¥€ like aauthyoğŸ˜‚', 'big fan ğŸ‘ŒğŸ‘Œ', 'ğŸ¥°ğŸ¥°ğŸ¥°ğŸ¥°ğŸ¥°ğŸ˜³ğŸ˜³ğŸ˜³', 'ğŸ¥°ğŸ¥°ğŸ¥°', 'Umm umm ğŸ¥°', 'hanxom lady â¤ï¸ğŸ¤', 'crushğŸ’šğŸ¥€', 'ğŸ˜‚ğŸ˜‚ğŸ˜‚', 'ğŸ¥°ğŸ‘ŒğŸ‘ŒğŸ‘ŒğŸ¤˜ğŸ¤˜', 'ğŸ¥°ğŸ¥°ğŸ¥°', 'ğŸ’•ğŸ¥°ğŸ¥°ğŸ¥°ğŸ¥°ğŸ¥°ğŸ¥°ğŸ¥°', 'ğŸ¥°ğŸ¥°ğŸ¥°', 'love u darling', 'pothiğŸ˜‚', 'Mine favoriteğŸ¥°', 'ğŸ¥°ğŸ¥°ğŸ¥°ğŸ¥°ğŸ¥°ğŸ¥°ğŸ¥°', 'meroğŸ¥°moyaaâ¤ï¸bigğŸ¥°fanğŸ¥°riplaiğŸ¥°plzâ¤ï¸ğŸ¥€', 'ğŸ˜³ğŸ˜³ğŸ˜³', 'la lağŸ˜³ğŸ˜³ğŸ˜³ğŸ˜³', 'ğŸ˜‚ğŸ˜‚ğŸ˜‚']",2022-12-29,2023-03-20
52,https://www.tiktok.com/@khaby.lame/video/7210876320128142598,khaby.lame,320.9K,8122,942,"""First day of work on site! ğŸ‘· ""#dontlearnfromkhaby","['#work', '#comic']","['First and Last ğŸ˜‚ğŸ˜‚ ğŸƒ\u200dâ™‚ï¸', 'I want 7 likes', 'First', 'it is what it is ğŸ¤·\u200dâ™‚ï¸ğŸ˜‚ğŸ˜‚ğŸ˜‚', 'oo noğŸ˜³ğŸ˜³', 'I love You Khabane Lame â¤ï¸', 'OMG ğŸ˜‚ğŸ˜‚ğŸ˜‚ğŸ˜‚', 'Does he respond ğŸ¤”', 'Hi', ""That's what that loud bang was outside my house"", 'plz support me', 'please support me ğŸ¥ºğŸ˜ƒğŸ¥ºğŸ˜ƒğŸ¥ºğŸ˜ƒ', 'First', 'WOW', 'oi kabby', 'whoops!ğŸ˜…', 'greetings from Mexico ğŸ¥°', 'The city is done ğŸ˜‚ğŸ˜‚', 'heyy', 'oneğŸ˜³']",5d ago,2023-03-20
53,https://www.tiktok.com/@147lilly/video/7201856219986939141,147lilly,146.5K,11.7K,259,FOLLOWING BACK WHEN TIKTOK ALLOWS ME â€¼ï¸#fyp,"['#foryoupage', '#fyp', '#icespice', '#icespicecult', '#munch', '#icespicemunch', '#following']","['no itâ€™s bc i love ice spice ğŸ¥°(i need the followers man)', 'ğŸ˜™ğŸ˜™', 'ğŸ˜­ğŸ˜­', '@â™¥ï¸ ğŸ˜­', 'ğŸ˜­ğŸ˜­', 'ğŸƒ\u200dâ™€ï¸', 'IN ICE SPICE WE TRUSTTTT ğŸ˜‰ğŸ¤·ğŸ¾\u200dâ™€ï¸', 'ğŸ˜³', 'love the ice spice cult', 'Ice spice on top', 'Ice spice frv', 'Ice spice 4lifeee', 'Nope..gotta love ice spice ğŸ˜', 'hey', 'SameğŸ˜­', 'guilty', 'ICE SPICE IS ICE LIFE', 'yes', 'real', 'NAH I LOVE ICE SPICEğŸ¤·\u200dâ™€ï¸']",2-19,2023-03-20
54,https://www.tiktok.com/@unplainjaneasmr/video/7205626083859877126,unplainjaneasmr,23.6K,143,149,"Collab with @Messyasmrâ¤ï¸ - 30 second chalkenge to crush 10 blocks, failed miserably ğŸ˜…. Who did a better job? ğŸ’•ğŸ’•",[],"['I wanna do this so bad!!!!!', 'why do i wanna eat it', 'My fave chalk master.', 'wow like this one Please more', 'loved this crush...so fluffy ğŸ¥°', 'Iâ€™m sorry it felt like you were kind of in a rush and didnâ€™t want to film this ğŸ’”', '@WONHO Official LP', 'Finally someone that does it without hesitation', 'I feel like touching this so badly ğŸ¥º', 'This is decompressed', 'Love it', 'Moreeee', '@daniella I still follow them', 'You thoroughly understand the assignment!!! ğŸ˜©ğŸ˜©ğŸ”¥ğŸ”¥', 'Decompression ğŸ˜³ğŸ˜³', 'Very decompression', 'Oh wow ğŸ˜', 'I remember those days ğŸ˜ğŸ˜Œ', 'I neeeeed this omgggggg', 'Where can I get these soft ones?']",3-1,2023-03-20
55,https://www.tiktok.com/@annemarie/video/7211194644091407621,annemarie,164.1K,1242,748,Nah jazz saying water gets me,[],"['You mean British English vs American English We both speak English but British use the Queens English ğŸ¤”', 'ğŸ˜‚ğŸ˜‚ Anne Marie pls say a bottle of water plsğŸ˜ğŸ˜…', 'Annemarie is so beautiful ğŸ˜', ""sorry but ur southern basket sounds like it has an r in when u sen it I say more like the us version as I'm northern"", 'The American progress is fun', 'Collab with Louis Tomlinson', 'ğŸ˜‚', 'I sure as hell do not say eve-a-lution', ""so I like to hear them say 'route' that's a cool one ğŸ¥°"", 'I love your English accent ğŸ˜', 'you should of done ""pronunciation""', 'Love the way we are supposed to be wrong but itâ€™s English lol', 'Iâ€™m venom ğŸ˜‚ğŸ˜‚', 'its giving edna from the incredibles', 'by the way u look like Britney Spears ğŸ˜ŠğŸ˜ŠğŸ˜Š', 'Woo-AahğŸ˜‚', 'ğŸ¥°ğŸ¥°ğŸ¥°ğŸ¥°', ""there is 'progress. and prog'ress a noun and a verb ,it is called stress shifting like in 'permit. and per'mit with two different meanings ;)"", 'Gorgeous', 'I simply cannot get over how CUTE you both are! ğŸ¥°ğŸ¥°ğŸ¥°ğŸ¥°']",4d ago,2023-03-20
56,https://www.tiktok.com/@swagboygorringe/video/7210199873621183762,swagboygorringe,333.6K,3585,4480,I have no idea whats happening here but i could beat them both,"['#fyp', '#foryou', '#foryoupage', '#xyzbca', '#viral']","['what is happening. ğŸ§', 'The fact that this actually happened in real life', 'How does things type of stuff even startğŸ§', 'Npc vs emo', 'HOW ARE THEY NOT EMBARRASSED', 'intense anime fight', 'Most normal NPC interaction in Los Santos', 'ğŸ˜ Early ğŸ˜‰', 'Wonder what the bully to nerd ratio in school is like nowadays', 'Me when someone placed an order', 'not me wanting you to move your head so I can see the name of the original account lol', 'Cool video ğŸ˜…', 'they are showing the hidden talentğŸ˜³', 'Welp, that happened ğŸ˜¬ğŸ‘ğŸ¾', ""come on man that's to easy"", 'Disney', 'What in the Disney channel', 'dance battle in fortnite', 'intense stand user fight..', 'real life NPCs ğŸ˜‚']",6d ago,2023-03-20
57,https://www.tiktok.com/@tmovisuals/video/7212084020258131246,tmovisuals,323.7K,9515,128,Gift for @rug ! Day 41,"['#chugrug', '#xyzbca', '#fazerug', '#brawadis', '#fyp', '#notviral', '#overrated']","['noah', 'Alex', 'Taylor', 'Jayden', 'angel', 'benny', 'Naomi', 'Dylan', 'kayden', 'Brayden', 'colin', 'Vicky', 'Tyson', 'sophia', 'zion', 'Jace', 'Luke', 'Dylan', 'Kayden', 'Chris']",1d ago,2023-03-20
58,https://www.tiktok.com/@tmovisuals/video/7212084020258131246,tmovisuals,323.9K,9524,128,Gift for @rug ! Day 41,"['#chugrug', '#xyzbca', '#fazerug', '#brawadis', '#fyp', '#notviral', '#overrated']","['noah', 'Alex', 'Taylor', 'Katherine', 'morgan', 'Joseph', 'katie', 'Jayden', 'Christian', 'angel', 'Victor', 'benny', 'Santiago', 'Cooper', 'Steven', 'Naomi', 'Dylan', 'kayden', 'Brayden', 'colin']",1d ago,2023-03-20
59,https://www.tiktok.com/@melinaadhikari53/video/7182436915205917979,melinaadhikari53,34K,183,35,Replying to @bharatbhandari292 Hxm xa Boini â¤ï¸,[],"['à¤šà¥à¤°à¥‹à¤Ÿ à¤¸à¤²à¥à¤•à¤¾à¤à¤•à¥‹ à¤­à¤ à¤¦à¤¾à¤®à¥€ like aauthyoğŸ˜‚', 'big fan ğŸ‘ŒğŸ‘Œ', 'ğŸ¥°ğŸ¥°ğŸ¥°ğŸ¥°ğŸ¥°ğŸ˜³ğŸ˜³ğŸ˜³', 'ğŸ¥°ğŸ¥°ğŸ¥°', 'Umm umm ğŸ¥°', 'hanxom lady â¤ï¸ğŸ¤', 'crushğŸ’šğŸ¥€', 'ğŸ˜‚ğŸ˜‚ğŸ˜‚', 'ğŸ¥°ğŸ‘ŒğŸ‘ŒğŸ‘ŒğŸ¤˜ğŸ¤˜', 'ğŸ¥°ğŸ¥°ğŸ¥°', 'ğŸ’•ğŸ¥°ğŸ¥°ğŸ¥°ğŸ¥°ğŸ¥°ğŸ¥°ğŸ¥°', 'ğŸ¥°ğŸ¥°ğŸ¥°', 'love u darling', 'pothiğŸ˜‚', 'Mine favoriteğŸ¥°', 'ğŸ¥°ğŸ¥°ğŸ¥°ğŸ¥°ğŸ¥°ğŸ¥°ğŸ¥°', 'meroğŸ¥°moyaaâ¤ï¸bigğŸ¥°fanğŸ¥°riplaiğŸ¥°plzâ¤ï¸ğŸ¥€', 'ğŸ˜³ğŸ˜³ğŸ˜³', 'la lağŸ˜³ğŸ˜³ğŸ˜³ğŸ˜³', 'ğŸ˜‚ğŸ˜‚ğŸ˜‚']",2022-12-29,2023-03-20
60,https://www.tiktok.com/@iaf1/video/7211886820739583234,iaf1,9971,39,134,Ù…Ø¹ @Chef Eman ğŸ‘©ğŸ»â€ğŸ³ Ù…Ø§Ø´Ø§Ø¡ Ø§Ù„Ù„Ù‡ Ø¹Ù„ÙŠÙ‡Ø§ ğŸ˜ğŸ‘ğŸ»,"['#Ø¯ÙˆÙŠØªÙˆ', '#Ø§Ø­Ù…Ø¯_ÙÙ‡Ø¯', '#Ø§ÙƒØ³Ø¨Ù„ÙˆØ±', '#Ø§Ù„Ø³Ø¹ÙˆØ¯ÙŠØ©']","[""I don't know what you are saying --but I know exactly what you are saying. ğŸ˜‚ Bravo! Great review!! I want to watch you review anything!"", 'ğŸ˜‚ğŸ˜‚ğŸ˜‚â¤ï¸', 'Ø§Ù†Øª Ù…Ø§ØªØ¬ÙŠ Ø§Ù„Ø§ ÙÙŠ Ø±Ù…Ø¶Ø§Ù†', 'Ø§Ù†Øª Ù… ØªØ¬ÙŠÙ†ÙŠ Ø§Ù„Ø§ Ø§Ø°Ø§ Ø¬Ø§ Ø±Ù…Ø¶Ø§Ù† ØŸ', 'Ø¨Ø³ Ø°ÙŠ Ø§Ù„Ø§ÙƒÙ„Ù‡ Ù…Ù…ÙƒÙ† ØªØ¹Ø·Ø´', 'ÙŠØ¹Ø¬Ø¨Ù†ÙŠ Ù„Ù…Ø§ ÙŠØ³ÙˆÙŠ Ù†ÙØ³Ù‡ Ù…Ø§ Ø´Ø§Ù Ø§Ù„ÙÙŠØ¯ÙŠÙˆ ğŸ˜‚ğŸ˜‚ğŸ˜‚ğŸ˜‚', 'ğŸ˜‚ğŸ˜‚', 'Ù…Ø´Ø§Ù„Ù„Ù‡', 'Ø§Ù„Ù„Ù‡Ù… Ø¨Ù„ØºÙ†Ø§ Ø±Ù…Ø¶Ø§Ù†ğŸ˜Š', 'ğŸ¥°ğŸ¥°ğŸ¥°ğŸ¥°ÙƒÙ„ Ø¹Ø§Ù… ÙˆØ§Ù†ØªÙ… Ø¨Ø®ÙŠØ± Ø¨Ù…Ù†Ø§Ø³Ø¨Ø© Ø´Ù‡Ø± Ø±Ù…Ø¶Ø§Ù†', 'Ø±Ù…Ø¶Ø§Ù† ÙƒØ±ÙŠÙ…', 'ØªØ³ØªØ§Ù‡Ù„ ÙŠØ§Ø§Ø­Ù…Ø¯', 'Ø§Ø­Ø³Ù† Ø´ÙŠÙğŸ¥°', 'Ø§Ù†Øª Ù…Ø§ ÙƒÙ†Øª ÙŠÙˆØªÙŠÙˆØ¨Ø±', 'ğŸ˜‚ğŸ˜‚ğŸ˜‚', 'Ø´ÙƒÙ„Ùƒ Ø¬ÙˆØ¹Ø§Ù† Ù…Ø«Ù„ÙŠ', 'Ø§Ø®ÙŠ ØªØ®Ø¨Ù„', 'ÙƒÙ„ Ø³Ù†Ø© ÙˆÙˆØ§Ù†ØªÙˆ Ø¨Ø§Ù„Ù Ø®ÙŠØ±', 'Ø§ÙˆÙ„ Ù…Ø¨Ø¯Ø¹Ø¹Ø¹Ø¹Ø¹Ø¹ Ø·Ù„Ø¹ ØªØ¹Ù„ÙŠÙ‚ÙŠ ØªÙƒÙÙ‰', 'Ø§ÙˆÙ„Ù„Ù„ğŸ¤']",2d ago,2023-03-20
61,https://www.tiktok.com/@vtenking02/video/7209904324862840066,vtenking02,1535,23,5,ğŸ¤ğŸ¥€â£ï¸#chari udyuo badal xunalai,"['#CapCut', '#fypã‚·', '#goviral', '#onfrizmyacountplzâ¤ï¸â¤ï¸â¤ï¸', '#loveyousathiâ¤ï¸', '#saportmepageğŸ™ğŸ™', '#GetCrackin', '#ğŸ¥€ğŸ’”ğŸŒ¹ğŸ’”ğŸ¥€ğŸŒ¹ğŸ˜œğŸ¥€ğŸ’”ğŸŒ¹â£ï¸ğŸŒ¹ğŸ¥€ğŸ’”', '#ğŸ¥€ğŸŒ¹ğŸ‘ğŸ‘ğŸ‘ğŸ±ğŸ¶ğŸ™â¤ï¸â¤ï¸â¤ï¸ğŸ“¸ğŸ˜‚ğŸ¥€ğŸ¥€ğŸ˜ğŸ˜ğŸ‘ğŸµ', '#saportmepageğŸ™ğŸ™']","['ğŸ˜³ğŸ˜Œ', 'ğŸ¥°ğŸ¥°ğŸ¥°ğŸ¥°ğŸ¥°', 'ğŸ¥°ğŸ¥°ğŸ¥°ğŸ¥°ğŸ¥°', 'ğŸ¥°ğŸ¥°ğŸ¥°', 'â¤â¤â¤', 'â™¥ï¸ğŸ¤â¤ï¸', 'â¤â¤â¤', 'â¤â¤â¤', 'ğŸ¥°ğŸ¥°', 'ğŸ¥°ğŸ¥°ğŸ¥°', 'ğŸ¥°', 'dÌŠaÌŠiÌŠ â¤ï¸ğŸ¥€â£ï¸', 'ğŸ˜‚ğŸ˜‚ğŸ˜‚ğŸ˜‚', 'ğŸ¥°ğŸ¥°ğŸ¥°ğŸ¥°ğŸ¥°', 'ğŸ¥°', 'ğŸ¥°ğŸ¥°ğŸ¥°', 'ğŸ¥°ğŸ¥°', 'ğŸ¥°ğŸ¥°', 'ğŸ¥°ğŸ¥°ğŸ¥°', 'ğŸ¥°ğŸ¥°ğŸ¥°ğŸ¥°']",1w ago,2023-03-20
62,https://www.tiktok.com/@147lilly/video/7201856219986939141,147lilly,146.5K,11.7K,259,FOLLOWING BACK WHEN TIKTOK ALLOWS ME â€¼ï¸#fyp,"['#foryoupage', '#fyp', '#icespice', '#icespicecult', '#munch', '#icespicemunch', '#following']","['no itâ€™s bc i love ice spice ğŸ¥°(i need the followers man)', 'ğŸ˜™ğŸ˜™', 'ğŸ˜­ğŸ˜­', '@â™¥ï¸ ğŸ˜­', 'ğŸ˜­ğŸ˜­', 'ğŸƒ\u200dâ™€ï¸', 'IN ICE SPICE WE TRUSTTTT ğŸ˜‰ğŸ¤·ğŸ¾\u200dâ™€ï¸', 'ğŸ˜³', 'love the ice spice cult', 'Ice spice on top', 'Ice spice frv', 'Ice spice 4lifeee', 'Nope..gotta love ice spice ğŸ˜', 'hey', 'SameğŸ˜­', 'guilty', 'ICE SPICE IS ICE LIFE', 'yes', 'real', 'NAH I LOVE ICE SPICEğŸ¤·\u200dâ™€ï¸']",2-19,2023-03-20
63,https://www.tiktok.com/@toxic_family_/video/7197057975507258629,toxic_family_,63.3K,183,270,,"['#ÑĞ¼Ğ¾Ñ€', '#Ğ¿Ğ°Ñ€Ğ°', '#Ğ¶Ğ¸Ğ·Ğ°', '#Ğ¶Ğ¸Ğ·Ğ°Ğ¾Ñ‚Ğ½Ğ¾ÑˆĞµĞ½Ğ¸Ğ¹']","['I wish I knew what yâ€™all were sayin g', '@h.y.u_z.n.a.e.t._k.t.o\nĞ¼Ñ‹', 'ĞÑƒ ĞµÑĞ»Ğ¸ Ğ±Ğ°Ğ±ÑƒÑˆĞºĞ° ÑĞºĞ°Ğ·Ğ°Ğ»Ğ° Ñ‚Ğ¾ Ğ·Ğ½Ğ°Ñ‡Ğ¸Ñ‚ Ñ‚Ğ¾Ñ‡Ğ½Ğ¾ Ğ¿Ñ€Ğ°Ğ²Ğ´Ğ°', 'Ğ”Ğµ Ğ“Ñ€Ñ–ÑˆĞ° Ñ– Ğ¹Ğ¾Ğ³Ğ¾ Ñ‡Ğ°Ğ¹Ğ¾Ğº?ğŸ˜‚', 'Ğ”ĞµĞ¹ÑÑ‚Ğ²Ğ¸Ñ‚ĞµĞ»ÑŒĞ½Ğ¾,Ğ¿Ğ¾ÑÑĞ¾Ñ€Ğ¸Ğ»Ğ¸ÑÑŒ ((', 'Ñ Ğ² ÑÑ‚Ğ¾ Ğ½Ğµ Ğ²ĞµÑ€Ñ, Ğ½Ğ¾ Ğ´Ğ»Ñ Ğ±ĞµĞ·Ğ¾Ğ¿Ğ°ÑĞ½Ğ¾ÑÑ‚Ğ¸ Ğ¾Ğ±Ñ…Ğ¾Ğ¶Ñƒ', 'Ğ¼Ğ½Ğµ Ğ¸Ğ½Ñ‚ĞµÑ€ĞµÑĞ½Ğ¾ ĞºĞ°Ğº Ğ´Ğ¾Ğ»Ğ³Ğ¾ Ğ¿Ğ¾ÑĞ»ĞµĞ´Ğ½ĞµĞµ ÑĞ½Ğ¸Ğ¼Ğ°Ğ»Ğ¸', 'ĞšĞ¾Ğ³Ğ´Ğ° Ğ“ÑŠĞ¸ÑˆĞ° Ğ±ÑƒĞ´ĞµÑ‚ ?', 'Ğ¯ Ñ‡Ñ‚Ğ¾-Ğ»Ğ¸', 'ğŸ˜‚ğŸ˜‚ğŸ˜‚ğŸ˜‚ğŸ˜‚', '@shashlik_771 ÑğŸ˜‚ğŸ˜…', 'Ğ²Ğ¾Ğ½Ğ¸ Ñ€ĞµĞ°Ğ»ÑŒĞ½Ğ¾ Ğ±ÑƒĞ»Ğ¸ Ğ¿Ğ¾ÑĞ²Ğ°Ñ€Ğ¸Ğ»Ğ¸ÑÑŒ', 'Ñ Ñ‚ĞµĞ¶ Ğ´Ñ–Ğ°Ğ½Ğ°', 'Ñ‡Ñ‚Ğ¾-Ñ‚Ğ¾ Ğ±Ñ‹ÑÑ‚Ñ€Ğ¾ Ğ¿Ğ¾Ğ¼ĞµÑ€Ğ¸Ğ»Ğ¸ÑÑŒ ğŸ˜‚', 'Ğ—Ğ°ĞºĞ»Ğ¸Ğ½Ğ¸Ğ½Ğ°Ğ½Ğ¸ĞµğŸ˜‚', 'Ğ¸ Ğ²ĞµĞ´ÑŒ Ñ€ĞµĞ°Ğ»ÑŒĞ½Ğ¾ Ñ€Ğ°ÑÑÑ‚Ğ°Ğ»Ğ¸ÑÑŒ', 'Ğ½Ğµ Ğ¿Ğ¾Ğ¼Ğ¾Ğ³Ğ»Ğ¾', '@_anna.yy_123 Ğ²Ğ¾Ñ‚ Ñ‚Ğ°ĞºÑƒÑ Ñ‚ĞµĞ±Ğµ Ğ½Ğ°Ğ´Ğ¾ ĞºÑƒÑ€Ñ‚Ğ¾Ñ‡ĞºÑƒ', 'Ğ¡Ñ‚Ğ¾Ğ»Ğ± ÑÑ‚Ğ¾ ÑĞµÑ€ÑŒÑ‘Ğ·Ğ½Ğ¾ Ğ¿Ğ¾Ğ¼Ğ½Ñ Ğ¼Ñ‹ Ñ Ğ´Ñ€ÑƒĞ·ÑĞ¼Ğ¸ Ğ² Ğ´ĞµÑ‚ÑÑ‚Ğ²Ğµ Ñ€ÑƒĞ³Ğ°Ğ»Ğ¸ÑÑŒ ğŸ˜…ğŸ˜…ğŸ˜…ğŸ˜…Ğ¼Ğ¾Ğ» Ğ´Ñ€ÑƒĞ¶Ğ¸Ñ‚ÑŒ Ğ½ĞµĞ±ÑƒĞ´Ğµ Ğ²Ñ‹Ñ€Ğ¾ÑĞ»Ğ¸ Ñ‚Ğ¾ Ğ¸ Ğ¿Ñ€Ğ°Ğ²Ğ´Ğ° Ğ±Ñ‹Ğ»Ğ¾', 'ğŸ¥°ğŸ˜‚ğŸ˜‚ğŸ˜‚ğŸ˜‚ğŸ˜‚']",2-6,2023-03-20
64,https://www.tiktok.com/@mrnigelng/video/7211610285877103877,mrnigelng,205.2K,2481,4326,OH MY GOD,"['#oreo', '#friedrice', '#uncleroger']","['UNCLE ROGER DISAPPOINTED', 'Not bad ğŸ˜‰', 'I took the â€˜blackâ€™ personal ğŸ˜¡ğŸ¤£', 'Oh nahğŸ˜”', 'Everybody so creative ğŸ˜‚', 'HE FORGOT THE HAIYA', 'MY BlOğŸ˜…', 'She pretties?)) @Carly', 'So early haiiiiyaaaa', 'I want you to try it', 'It was so bad uncle roger forgot the â€˜haiyaaaaaâ€™', 'You telling me an oreo fried this?', 'WeğŸ˜­', 'ğŸ¤£ğŸ¤£ğŸ¤£ğŸ¤£', 'Your telling me an Oreo fried that rice', 'Fried rice âŒ fire rice âœ…ğŸ˜‚', 'ğŸ˜‚ğŸ˜‚ğŸ˜‚ğŸ˜‚ğŸ˜‚', 'Idk bro looks kind good to me', 'EVERYONE IS SO CREATIVE', '@user39473884929 lmaooo']",3d ago,2023-03-20
65,https://www.tiktok.com/@latifaazizi404/video/7211581688575511826,latifaazizi404,10.1K,0,89,Ù¾ÙˆÙ„Ù†Ø¯ÛŒ Ú¯Ú© ØªØ§Ù† â˜ºï¸ğŸ§¿ğŸ‡¦ğŸ‡«,['#latifaaziz404'],[],3d ago,2023-03-20
66,https://www.tiktok.com/@rox.asmr/video/7209776590396427525,rox.asmr,11K,171,19,Respuesta a @estefania201312 te gusto el maquillaje?,"['#asm', '#relax', '#relajateyrespira', '#paratii', '#asmrtiktoks', '#asmrsounds', '#asmrvideo', '#sueÃ±os', '#sueÃ±oprofundo', '#relax']","['rox elige:\nğŸ¿oğŸ’§\nğŸ•¸ï¸oğŸ’‹\nğŸ¦·o ğŸ¨\nğŸ‘„oğŸ­\ngracias rox ğŸ’¯ğŸ’“', 'hey my rox ğŸ¥°ğŸ¥°ğŸ¥°', 'The best live asmrğŸ˜ŒğŸ˜ŒğŸ˜Œ', 'Spit painting xfa ğŸ˜¿', 'Me encanta ğŸ¤©', 'MI ROX HERMOSAAAA, LA MEJORRRR ğŸ¥°ğŸ¥°ğŸ¥°', 'Yo cerrando los ojos ğŸ‘ï¸ğŸ‘„ğŸ‘ï¸--_--', 'roz me puedes hacer un asmr personal Ã©stoy en tu live :D', 'Para descargar, por favor...ğŸ¥°', 'me puede peinar para irme a dormir yo estoy en tu liveğŸ¥º', 'estÃ¡ porfa ğŸ’¦ğŸ•ğŸš¿ğŸ§½ğŸğŸ', 'es muy relajanteğŸ˜', 'con tal de estar contigo hago lo que sea', 'EligeğŸ‘„oğŸ’…\nğŸ¦•OğŸ°', 'divina ,ğŸ–¤ğŸ–¤ğŸ¥€', 'Yo encantadisimo y me dormÃ­', 'Rox me puedes hacer esto ğŸ¦·ğŸ’…ğŸ•¸ï¸ğŸ”®', 'ğŸ¥°', 'Me dormi con el video ğŸ¥°', 'teamo']",3-12,2023-03-20
67,https://www.tiktok.com/@cool_cam.15/video/7183415481515396398,cool_cam.15,1M,20.6K,99.3K,You are really important to meâ¤ï¸,['#fyp'],"['My biggest fear is losing my best friend but I lost himğŸ¥º', 'my biggest fear is losing people I care about ğŸ¥º', 'Im scared Iâ€™m losing my brother ğŸ¥º', 'my biggest fear is being alone .', '@@sophieeleeee @kdollsragdolls you guys mean something to me even tho we barely know each other ğŸ¥º', 'My biggest fear is losing my family and friends', '@wnsoeme donâ€™t. please', '@youre_mom23 ğŸ¥°', 'i lost her.. she broke up', '@.bellasbestie fr tho', ""that's why I'm singleğŸ˜"", 'the biggest fear is losing yourself bro.', 'And spiders obv', '@jenny <3', 'spooder scary tho ğŸ˜°', '@kibutsujilover true <3', 'yep I had the same fear and it happened', '@i yes', '@Unknown ğŸ¤ğŸ¼', 'my biggest fear is getting killed or getting bullyed i hate my lifeğŸ˜­']",2022-12-31,2023-03-20
68,https://www.tiktok.com/@khaby.lame/video/7210876320128142598,khaby.lame,320.9K,8122,942,"""First day of work on site! ğŸ‘· ""#dontlearnfromkhaby","['#work', '#comic']","['First and Last ğŸ˜‚ğŸ˜‚ ğŸƒ\u200dâ™‚ï¸', 'I want 7 likes', 'First', 'it is what it is ğŸ¤·\u200dâ™‚ï¸ğŸ˜‚ğŸ˜‚ğŸ˜‚', 'oo noğŸ˜³ğŸ˜³', 'I love You Khabane Lame â¤ï¸', 'OMG ğŸ˜‚ğŸ˜‚ğŸ˜‚ğŸ˜‚', 'Does he respond ğŸ¤”', 'Hi', ""That's what that loud bang was outside my house"", 'plz support me', 'please support me ğŸ¥ºğŸ˜ƒğŸ¥ºğŸ˜ƒğŸ¥ºğŸ˜ƒ', 'First', 'WOW', 'oi kabby', 'whoops!ğŸ˜…', 'greetings from Mexico ğŸ¥°', 'The city is done ğŸ˜‚ğŸ˜‚', 'heyy', 'oneğŸ˜³']",5d ago,2023-03-20
69,https://www.tiktok.com/@isthisariss/video/7199000845357174059,isthisariss,123.7K,823,1800,but ts lowkey easy cause my brain be running a million miles a min 24/7,[],"['And the manager be in the back just chilling ğŸ˜’', 'the manager on their phone â€œcounting drawersâ€ in the office', 'i dont even eat at work so i be 10x more shaky and more disoriented than i need to be ğŸ˜­', 'Donâ€™t forget you gotta do it all AND keep the time down', 'I got fired bc I was doing this and my manager kept asking me what order we on and I snapped', 'i was so good at ts ğŸ˜‚', 'taco bell life ğŸ˜­ğŸ˜­', 'Me constantly, or when Iâ€™m by myself on line bc all of my coworkers decide they need to use the bathroomğŸ™„ğŸ™„ğŸ™„', ""We don't get paid enough to do this"", 'yup taco bell be like thatğŸ˜­i be having to sh8t so bad but during a rush so im like sweating and my stomach be hurtingggg', 'my old job my manager would go in his car and smoke a blunt while there was a rush and left me alone rhe entire time', 'Some times Iâ€™m the only cashier and I have to do front and drive thru at the same time', 'Why am i at work rn ğŸ˜­', 'Just finished doing this lolğŸ˜‚', ""currently facing thus dilemma during a rush :D (I'm eating rn but I've been taking orders for like the past hour"", 'my first time working FF and drive thr my manager would yell at me having doing all of it alone and front desk and prepping', 'Customers pull up not knowing what they want asking a billion questions while the person at windows trying to talk to u omfg I get so heated', 'Why rush if Iâ€™m not getting paid extraaaağŸ˜­', 'Oh how bad I feel for you ğŸ˜Œ', 'car battery thing works']",2-11,2023-03-20
70,https://www.tiktok.com/@_school.capcut/video/7194957886793993478,_school.capcut,75.4K,409,477,primeiro vÃ­deo!<3,"['#fyp', '#school', '#capcut', '#capcutschool', '#foryou', '#fy', '#foryoupage', '#capcut', '#qualitytuturial', '#tuturial']","[""capcut updated for me so it's different now ğŸ¥²"", 'I have no clue what the whole video was about because itâ€™s in a whole different language lol', 'Ultralight', ""i've been editing since2020 and i still need lessons"", 'I love it!!', 'this what I need!â¤ï¸â¤ï¸', 'or js use blurrr its way easier', 'hello teacher!', 'ooooo thank you ğŸ˜Š', 'it worked', 'how do u do the like flick thingy?', 'Bro used CapCut to make a video to make a videoğŸ˜³ğŸ˜³', 'Ultralight', 'How do you do that black effect you have on the intro over the pink background of this video', 'Or just download scene packs from insta', 'Hi', 'Can good fonts be next?', 'Be so fr', 'Me watching the tuto and vibeing for the song', 'ğŸ¥°']",1-31,2023-03-20
71,https://www.tiktok.com/@restoration_kamasutra/video/7212271578095160582,restoration_kamasutra,123.4K,363,1204,FULL restoration Ferrari 250 GT California,"['#restoration', '#ferrari', '#ferrari250']","['Cars version of the Toy Story scene lol', 'I could watch these videos for hours. Love it. â¤ï¸', 'amazing work as always, never disappointed in the outcome', 'what do you use to remove the paint', 'Mercedes c 2020 elegand\n2.2 TDI\n1996\nTANK YOU', 'Do you do this as a hobby or for a living', 'wow ğŸ˜³ğŸ˜³ğŸ˜³', 'That is coolâ€¦', 'Day 25 of asking if I can custom order one?', 'The moonâ€¦beautiful. The sunâ€¦even more beautifulâ€¦ ha ha haâ€¦Oh Yeah!', 'My question is how does he find these wrecked cars in the first place', 'bro even has a mini polisher for the mini car ğŸ˜©', 'This is Art.', 'So satisfying to watch please do more.!! Keep it up my guy.!!', 'I can watch these videos for hours. Such satisfaction when the project is completed.', ""I'd like to see the model car junk/graveyard he has where he pulls there from"", 'Fantastic', 'Why is this so satisfying to watch?ğŸ¥°', 'yk he likes his job when he puts the extra tiny details to it it makes it so much better', 'Love the edits as well. Awesome !']",1d ago,2023-03-20
72,https://www.tiktok.com/@mdmotivator/video/7203838800164916486,mdmotivator,867.6K,3456,1426,"I tried giving $2000 iPhone away, BUT then this happened ğŸ¥ºâ¤ï¸","['#iphone', '#mom', '#lent']","['A woman of faith ğŸ¤ğŸ½', 'ğŸ™', 'Who buys IPhones in dollar tree stores ??? They knewğŸ˜‚', 'Did he say giving up lying? ğŸ˜‚ Whatâ€™s he been up to lol', 'He said heâ€™s giving up lying for Lent. AHHHHH!!! ğŸ˜©ğŸ˜­', 'ğŸ¥°ğŸ¥°', 'Sheâ€™s been watching the tiktoks ğŸ˜‚ğŸ˜‚ğŸ˜‚', 'God bless her', 'She been watching tik tok she knows better lol', 'â¤ï¸â¤ï¸', 'super', 'This man is such a W i swear. Keep up the good work bro! ğŸ’ª', 'amazing ğŸ¤—ğŸ¤—ğŸ¤—', 'wow', 'you are amazing', 'Sheâ€™s an example for her son ğŸ¥¹â™¥ï¸', 'Buying an IPhone at dollar store......', 'God blessâ¤ï¸', 'This is beautiful']",2-24,2023-03-20
73,https://www.tiktok.com/@latifaazizi404/video/7211581688575511826,latifaazizi404,10.1K,0,89,Ù¾ÙˆÙ„Ù†Ø¯ÛŒ Ú¯Ú© ØªØ§Ù† â˜ºï¸ğŸ§¿ğŸ‡¦ğŸ‡«,['#latifaaziz404'],[],3d ago,2023-03-20
74,https://www.tiktok.com/@rox.asmr/video/7209776590396427525,rox.asmr,11K,171,19,Respuesta a @estefania201312 te gusto el maquillaje?,"['#asm', '#relax', '#relajateyrespira', '#paratii', '#asmrtiktoks', '#asmrsounds', '#asmrvideo', '#sueÃ±os', '#sueÃ±oprofundo', '#relax']","['rox elige:\nğŸ¿oğŸ’§\nğŸ•¸ï¸oğŸ’‹\nğŸ¦·o ğŸ¨\nğŸ‘„oğŸ­\ngracias rox ğŸ’¯ğŸ’“', 'The best live asmrğŸ˜ŒğŸ˜ŒğŸ˜Œ', 'Spit painting xfa ğŸ˜¿', 'Me encanta ğŸ¤©', 'hey my rox ğŸ¥°ğŸ¥°ğŸ¥°', 'MI ROX HERMOSAAAA, LA MEJORRRR ğŸ¥°ğŸ¥°ğŸ¥°', 'me ha dolido mucho una muela serÃ¡ que me la podrÃ­as sacar y hacerme una limpieza vocal por favor rox', 'Yo cerrando los ojos ğŸ‘ï¸ğŸ‘„ğŸ‘ï¸--_--', 'Me dedicarias uno plssssss', 'roz me puedes hacer un asmr personal Ã©stoy en tu live :D', 'Para descargar, por favor...ğŸ¥°', 'me puede peinar para irme a dormir yo estoy en tu liveğŸ¥º', 'estÃ¡ porfa ğŸ’¦ğŸ•ğŸš¿ğŸ§½ğŸğŸ', 'es muy relajanteğŸ˜', 'con tal de estar contigo hago lo que sea', 'EligeğŸ‘„oğŸ’…\nğŸ¦•OğŸ°', 'divina ,ğŸ–¤ğŸ–¤ğŸ¥€', 'Yo encantadisimo y me dormÃ­', 'Rox me puedes hacer esto ğŸ¦·ğŸ’…ğŸ•¸ï¸ğŸ”®', 'ğŸ¥°']",3-12,2023-03-20
75,https://www.tiktok.com/@tmovisuals/video/7212084020258131246,tmovisuals,325.9K,9656,129,Gift for @rug ! Day 41,"['#chugrug', '#xyzbca', '#fazerug', '#brawadis', '#fyp', '#notviral', '#overrated']","['noah', 'Alex', 'Taylor', 'angel', 'benny', 'Jayden', 'Dylan', 'Joseph', 'Victor', 'katie', 'kayden', 'Christian', 'Vicky', 'Brayden', 'colin', 'Jace', 'Luke', 'Dylan', 'zion', 'Chris']",1d ago,2023-03-20
76,https://www.tiktok.com/@147lilly/video/7201856219986939141,147lilly,146.5K,11.7K,259,FOLLOWING BACK WHEN TIKTOK ALLOWS ME â€¼ï¸#fyp,"['#foryoupage', '#fyp', '#icespice', '#icespicecult', '#munch', '#icespicemunch', '#following']","['no itâ€™s bc i love ice spice ğŸ¥°(i need the followers man)', 'ğŸ˜™ğŸ˜™', 'ğŸ˜­ğŸ˜­', '@â™¥ï¸ ğŸ˜­', 'ğŸ˜­ğŸ˜­', 'ğŸƒ\u200dâ™€ï¸', 'IN ICE SPICE WE TRUSTTTT ğŸ˜‰ğŸ¤·ğŸ¾\u200dâ™€ï¸', 'ğŸ˜³', 'love the ice spice cult', 'Ice spice on top', 'Ice spice frv', 'Ice spice 4lifeee', 'Nope..gotta love ice spice ğŸ˜', 'hey', 'SameğŸ˜­', 'guilty', 'ICE SPICE IS ICE LIFE', 'yes', 'real', 'NAH I LOVE ICE SPICEğŸ¤·\u200dâ™€ï¸']",2-19,2023-03-20
77,https://www.tiktok.com/@khaby.lame/video/7190422277069081862,khaby.lame,2.7M,20.7K,6087,Rule n.1 NEVER PISS OFF YOUR MOM!R.I.P. Khaby Lame ğŸª¦ğŸ’€#mum,['#dontlearnfromkhaby'],"['ooh noooo ğŸ˜ğŸ˜‚ğŸ˜ ğŸ™ƒ', 'ğŸ˜‚', 'ğŸ˜‚ğŸ˜‚ğŸ˜‚', 'ğŸ˜‚ğŸ˜‚ğŸ˜‚', 'ğŸ˜‚ğŸ˜‚ğŸ˜‚ğŸ˜‚', 'ğŸ˜‚ğŸ˜‚ğŸ˜‚ğŸ˜‚ğŸ˜‚', 'ğŸ˜‚', 'ğŸ˜‚ğŸ˜‚', 'ğŸ˜‚ğŸ˜‚ğŸ˜‚ğŸ˜‚ğŸ˜‚', 'ğŸ˜ğŸ˜', 'ğŸ˜‚ğŸ˜‚ğŸ˜‚', 'ğŸ˜‚ğŸ˜‚ğŸ˜‚ğŸ˜‚ğŸ˜‚ğŸ˜‚', 'ğŸ¥º', 'ğŸ˜‚ğŸ˜‚ğŸ˜‚', 'ğŸ¥°ğŸ˜‚', 'ğŸ˜ğŸ˜ğŸ˜', 'ğŸ˜‚ğŸ˜Š', 'ğŸ˜ğŸ˜ğŸ˜', 'ğŸ¥°', 'ğŸ˜‚ğŸ˜‚ğŸ¥°']",1-19,2023-03-20
78,https://www.tiktok.com/@vtenking02/video/7209904324862840066,vtenking02,1535,23,5,ğŸ¤ğŸ¥€â£ï¸#chari udyuo badal xunalai,"['#CapCut', '#fypã‚·', '#goviral', '#onfrizmyacountplzâ¤ï¸â¤ï¸â¤ï¸', '#loveyousathiâ¤ï¸', '#saportmepageğŸ™ğŸ™', '#GetCrackin', '#ğŸ¥€ğŸ’”ğŸŒ¹ğŸ’”ğŸ¥€ğŸŒ¹ğŸ˜œğŸ¥€ğŸ’”ğŸŒ¹â£ï¸ğŸŒ¹ğŸ¥€ğŸ’”', '#ğŸ¥€ğŸŒ¹ğŸ‘ğŸ‘ğŸ‘ğŸ±ğŸ¶ğŸ™â¤ï¸â¤ï¸â¤ï¸ğŸ“¸ğŸ˜‚ğŸ¥€ğŸ¥€ğŸ˜ğŸ˜ğŸ‘ğŸµ', '#saportmepageğŸ™ğŸ™']","['ğŸ˜³ğŸ˜Œ', 'ğŸ¥°ğŸ¥°ğŸ¥°ğŸ¥°ğŸ¥°', 'ğŸ¥°ğŸ¥°ğŸ¥°ğŸ¥°ğŸ¥°', 'ğŸ¥°ğŸ¥°ğŸ¥°', 'â¤â¤â¤', 'â™¥ï¸ğŸ¤â¤ï¸', 'â¤â¤â¤', 'â¤â¤â¤', 'ğŸ¥°ğŸ¥°', 'ğŸ¥°ğŸ¥°ğŸ¥°', 'ğŸ¥°', 'dÌŠaÌŠiÌŠ â¤ï¸ğŸ¥€â£ï¸', 'ğŸ˜‚ğŸ˜‚ğŸ˜‚ğŸ˜‚', 'ğŸ¥°ğŸ¥°ğŸ¥°ğŸ¥°ğŸ¥°', 'ğŸ¥°', 'ğŸ¥°ğŸ¥°ğŸ¥°', 'ğŸ¥°ğŸ¥°', 'ğŸ¥°ğŸ¥°', 'ğŸ¥°ğŸ¥°ğŸ¥°', 'ğŸ¥°ğŸ¥°ğŸ¥°ğŸ¥°']",1w ago,2023-03-20
79,https://www.tiktok.com/@davidcstt_/video/7203091116068064517,davidcstt_,825.8K,2104,4015,O atendente nÃ£o tem um dia de paz mesmo KKKKKKKKKKKK ğŸ—£ï¸ğŸ—£ï¸,[],"['ğŸ˜…ğŸ˜ğŸ˜³ğŸ˜…', '@naomi', 'ğŸ˜‚ğŸ˜‚ğŸ˜‚ğŸ˜‚', 'tava achando muito bonzinho dando os salgados de graÃ§a atÃ© ver o final KKKKKKKKKKK', 'A MARIA ALICE RESOLVERIA ISSO FÃCIL KAKAKAKSKAK', '""Tem certeza que nada aqui tÃ¡ vencido nÃ©?"" ""SÃ³ minha paciÃªncia "" kskxkKskzkKzkzkzk', 'eu absolutamente AMO o atendente kakakakakakakakkakakakak', 'MANO ESSE FINAL FOI O MELHOR DO ATENDENTE KKKKKKKKKKKKKKKKKKKKKKKKKKKKKKKK', 'KKKKKKKKKKKKKKK O FINAL Ã‰ O MELHOR DE TODO O VÃDEO', 'sÃ³ minha paciÃªncia estÃ¡ vencida kkkğŸ˜‚', 'tomara que vocÃª bata 7.0M â¤ï¸', 'Amo seus vÃ­deos', 'A minha paciÃªncia no dia a dia Ã© igual a do atendente JFJKDKDKKDKDKDKKD QUE Ã“DIO', 'como serÃ¡ se ele atendese a Maria Alice e a dona ClÃ¡udia kkkkkkk', 'davi tive uma ideia faiz a Maria lise nÃ© um apocalÃ­ptico', 'minha paciencia eh assim meudeus', 'eu nÃ£o consigo olhar pra ele sem ouvir Maria Alice calma kkkkkk', 'Quem trabalha com atendimento ao pÃºblico sabe a raiva q temos de clientes assim', 'pior q existe cliente assim..', 'o tal do atendente sofre viu vÃ©i, q Ã³dio kkkkk']",2-22,2023-03-20
80,https://www.tiktok.com/@latifaazizi404/video/7211581688575511826,latifaazizi404,10.1K,0,89,Ù¾ÙˆÙ„Ù†Ø¯ÛŒ Ú¯Ú© ØªØ§Ù† â˜ºï¸ğŸ§¿ğŸ‡¦ğŸ‡«,['#latifaaziz404'],[],3d ago,2023-03-20
81,https://www.tiktok.com/@rox.asmr/video/7209776590396427525,rox.asmr,11K,171,19,Respuesta a @estefania201312 te gusto el maquillaje?,"['#asm', '#relax', '#relajateyrespira', '#paratii', '#asmrtiktoks', '#asmrsounds', '#asmrvideo', '#sueÃ±os', '#sueÃ±oprofundo', '#relax']","['rox elige:\nğŸ¿oğŸ’§\nğŸ•¸ï¸oğŸ’‹\nğŸ¦·o ğŸ¨\nğŸ‘„oğŸ­\ngracias rox ğŸ’¯ğŸ’“', 'hey my rox ğŸ¥°ğŸ¥°ğŸ¥°', 'The best live asmrğŸ˜ŒğŸ˜ŒğŸ˜Œ', 'Spit painting xfa ğŸ˜¿', 'Me encanta ğŸ¤©', 'MI ROX HERMOSAAAA, LA MEJORRRR ğŸ¥°ğŸ¥°ğŸ¥°', 'Yo cerrando los ojos ğŸ‘ï¸ğŸ‘„ğŸ‘ï¸--_--', 'roz me puedes hacer un asmr personal Ã©stoy en tu live :D', 'Para descargar, por favor...ğŸ¥°', 'me puede peinar para irme a dormir yo estoy en tu liveğŸ¥º', 'estÃ¡ porfa ğŸ’¦ğŸ•ğŸš¿ğŸ§½ğŸğŸ', 'es muy relajanteğŸ˜', 'con tal de estar contigo hago lo que sea', 'EligeğŸ‘„oğŸ’…\nğŸ¦•OğŸ°', 'divina ,ğŸ–¤ğŸ–¤ğŸ¥€', 'Yo encantadisimo y me dormÃ­', 'Rox me puedes hacer esto ğŸ¦·ğŸ’…ğŸ•¸ï¸ğŸ”®', 'ğŸ¥°', 'Me dormi con el video ğŸ¥°', 'teamo']",3-12,2023-03-20
82,https://www.tiktok.com/@tmovisuals/video/7212084020258131246,tmovisuals,326.4K,9679,129,Gift for @rug ! Day 41,"['#chugrug', '#xyzbca', '#fazerug', '#brawadis', '#fyp', '#notviral', '#overrated']","['noah', 'Alex', 'Taylor', 'Jayden', 'benny', 'Dylan', 'kayden', 'Vicky', 'Brayden', 'colin', 'Jace', 'Luke', 'zion', 'Chris', 'Tyson', 'Dylan', 'sophia', 'Kayden', 'Joseph', 'Victor']",1d ago,2023-03-20
83,https://www.tiktok.com/@isthisariss/video/7199000845357174059,isthisariss,123.7K,823,1800,but ts lowkey easy cause my brain be running a million miles a min 24/7,[],"['And the manager be in the back just chilling ğŸ˜’', 'the manager on their phone â€œcounting drawersâ€ in the office', 'i dont even eat at work so i be 10x more shaky and more disoriented than i need to be ğŸ˜­', 'Donâ€™t forget you gotta do it all AND keep the time down', 'I got fired bc I was doing this and my manager kept asking me what order we on and I snapped', 'i was so good at ts ğŸ˜‚', 'taco bell life ğŸ˜­ğŸ˜­', 'Me constantly, or when Iâ€™m by myself on line bc all of my coworkers decide they need to use the bathroomğŸ™„ğŸ™„ğŸ™„', ""We don't get paid enough to do this"", 'yup taco bell be like thatğŸ˜­i be having to sh8t so bad but during a rush so im like sweating and my stomach be hurtingggg', 'my old job my manager would go in his car and smoke a blunt while there was a rush and left me alone rhe entire time', 'Some times Iâ€™m the only cashier and I have to do front and drive thru at the same time', 'Why am i at work rn ğŸ˜­', 'Just finished doing this lolğŸ˜‚', ""currently facing thus dilemma during a rush :D (I'm eating rn but I've been taking orders for like the past hour"", 'my first time working FF and drive thr my manager would yell at me having doing all of it alone and front desk and prepping', 'Customers pull up not knowing what they want asking a billion questions while the person at windows trying to talk to u omfg I get so heated', 'Why rush if Iâ€™m not getting paid extraaaağŸ˜­', 'Oh how bad I feel for you ğŸ˜Œ', 'car battery thing works']",2-11,2023-03-20
84,https://www.tiktok.com/@khaby.lame/video/7190422277069081862,khaby.lame,2.7M,20.7K,6087,Rule n.1 NEVER PISS OFF YOUR MOM!R.I.P. Khaby Lame ğŸª¦ğŸ’€#mum,['#dontlearnfromkhaby'],"['ooh noooo ğŸ˜ğŸ˜‚ğŸ˜ ğŸ™ƒ', 'ğŸ˜‚', 'ğŸ˜‚ğŸ˜‚ğŸ˜‚', 'The wipe is already wet to', 'ğŸ˜‚ğŸ˜‚ğŸ˜‚', 'I watch your video every day, I will be very happy', 'ğŸ˜‚ğŸ˜‚ğŸ˜‚ğŸ˜‚', 'ğŸ˜‚ğŸ˜‚ğŸ˜‚ğŸ˜‚ğŸ˜‚', 'ğŸ˜‚', 'ğŸ˜‚ğŸ˜‚', 'ğŸ˜‚ğŸ˜‚ğŸ˜‚ğŸ˜‚ğŸ˜‚', 'ğŸ˜ğŸ˜', 'ğŸ˜‚ğŸ˜‚ğŸ˜‚', 'ğŸ˜‚ğŸ˜‚ğŸ˜‚ğŸ˜‚ğŸ˜‚ğŸ˜‚', 'ğŸ¥º', 'ğŸ˜‚ğŸ˜‚ğŸ˜‚', 'ğŸ¥°ğŸ˜‚', 'ğŸ˜ğŸ˜ğŸ˜', 'ğŸ˜‚ğŸ˜Š', 'ğŸ˜ğŸ˜ğŸ˜']",1-19,2023-03-20
85,https://www.tiktok.com/@vtenking02/video/7209904324862840066,vtenking02,1535,23,5,ğŸ¤ğŸ¥€â£ï¸#chari udyuo badal xunalai,"['#CapCut', '#fypã‚·', '#goviral', '#onfrizmyacountplzâ¤ï¸â¤ï¸â¤ï¸', '#loveyousathiâ¤ï¸', '#saportmepageğŸ™ğŸ™', '#GetCrackin', '#ğŸ¥€ğŸ’”ğŸŒ¹ğŸ’”ğŸ¥€ğŸŒ¹ğŸ˜œğŸ¥€ğŸ’”ğŸŒ¹â£ï¸ğŸŒ¹ğŸ¥€ğŸ’”', '#ğŸ¥€ğŸŒ¹ğŸ‘ğŸ‘ğŸ‘ğŸ±ğŸ¶ğŸ™â¤ï¸â¤ï¸â¤ï¸ğŸ“¸ğŸ˜‚ğŸ¥€ğŸ¥€ğŸ˜ğŸ˜ğŸ‘ğŸµ', '#saportmepageğŸ™ğŸ™']","['ğŸ˜³ğŸ˜Œ', 'ğŸ¥°ğŸ¥°ğŸ¥°ğŸ¥°ğŸ¥°', 'ğŸ¥°ğŸ¥°ğŸ¥°ğŸ¥°ğŸ¥°', 'ğŸ¥°ğŸ¥°ğŸ¥°', 'â¤â¤â¤', 'â™¥ï¸ğŸ¤â¤ï¸', 'â¤â¤â¤', 'â¤â¤â¤', 'ğŸ¥°ğŸ¥°', 'ğŸ¥°ğŸ¥°ğŸ¥°', 'ğŸ¥°', 'dÌŠaÌŠiÌŠ â¤ï¸ğŸ¥€â£ï¸', 'ğŸ˜‚ğŸ˜‚ğŸ˜‚ğŸ˜‚', 'ğŸ¥°ğŸ¥°ğŸ¥°ğŸ¥°ğŸ¥°', 'ğŸ¥°', 'ğŸ¥°ğŸ¥°ğŸ¥°', 'ğŸ¥°ğŸ¥°', 'ğŸ¥°ğŸ¥°', 'ğŸ¥°ğŸ¥°ğŸ¥°', 'ğŸ¥°ğŸ¥°ğŸ¥°ğŸ¥°']",1w ago,2023-03-20
86,https://www.tiktok.com/@katstickler/video/7203499144441367854,katstickler,232.8K,581,225,,[],"['We need â€œMy Brother Pretending to be Me Pretending to be My Hispanic Motherâ€', 'â€œI canâ€™t be left alone with my thoughts Chrisâ€¦ you know thisâ€ is far too relatable. ğŸ˜‚', 'how does he sound exactly like you', 'He has your expressions down!', 'Spot on!', 'please get him a wig like your hair and do more of these to funny', 'Kat, you have some competition! He is brilliant!', 'Hahahah love Chris so much', 'Too good ğŸ˜‚', 'He sounds just like you!! Funny!! I love it ğŸ˜‚', 'Yâ€™allâ€™s bond is âœ¨immaculateâœ¨', 'A little TOO real, my feelings got hurt for you ğŸ˜‚', 'The pink shirt as hair is sending me ğŸ˜‚ğŸ˜‚ğŸ˜‚', 'Why am I craving more of these???ğŸ™Œ', 'hard to do the differences between you guys ğŸ˜‚ ğŸ˜ğŸ‘', 'aw you guys have the same eyes â˜ºï¸', 'I need an entire series of this, Kat!', 'My favorite part is the window ğŸ¤£', 'Hahahaha this should be part of your repertoire too hahaha', 'I saw you in him when he smiles!!!']",2-23,2023-03-20
87,https://www.tiktok.com/@restoration_kamasutra/video/7212271578095160582,restoration_kamasutra,123.4K,363,1205,FULL restoration Ferrari 250 GT California,"['#restoration', '#ferrari', '#ferrari250']","['Cars version of the Toy Story scene lol', 'I could watch these videos for hours. Love it. â¤ï¸', 'amazing work as always, never disappointed in the outcome', 'what do you use to remove the paint', 'Mercedes c 2020 elegand\n2.2 TDI\n1996\nTANK YOU', 'Do you do this as a hobby or for a living', 'wow ğŸ˜³ğŸ˜³ğŸ˜³', 'That is coolâ€¦', 'Day 25 of asking if I can custom order one?', 'The moonâ€¦beautiful. The sunâ€¦even more beautifulâ€¦ ha ha haâ€¦Oh Yeah!', 'My question is how does he find these wrecked cars in the first place', 'bro even has a mini polisher for the mini car ğŸ˜©', 'This is Art.', 'So satisfying to watch please do more.!! Keep it up my guy.!!', 'I can watch these videos for hours. Such satisfaction when the project is completed.', ""I'd like to see the model car junk/graveyard he has where he pulls there from"", 'Fantastic', 'Why is this so satisfying to watch?ğŸ¥°', 'yk he likes his job when he puts the extra tiny details to it it makes it so much better', 'Love the edits as well. Awesome !']",1d ago,2023-03-20
88,https://www.tiktok.com/@tobysmilesofficial/video/7206407889508994350,tobysmilesofficial,10.5K,932,307,â€¼ï¸FIRST EVER SINGLE IS OUT NOW!!!! ğŸ’–ğŸ’šğŸ’–ğŸ’š GO AND SAVE IT AND MAKE IT GO VIRAL!!!!!! â€¼ï¸â€¼ï¸â€¼ï¸â€¼ï¸,[],"['TIM-T-T-TIMMEH! BEAT DROP', 'unrelease this bro ğŸ”¥ğŸ”¥ğŸ”¥ğŸ”¥ğŸ”¥', 'Slideshows finna be crazy with ur song ğŸ”¥ğŸ”¥ğŸ”¥ğŸ’¯ğŸ’¯ğŸ’¯ğŸ—£ï¸ğŸ—£ï¸', 'All he say is Starbucks Gucci boyoyoyoy', 'CANT WAIT TO HEAR THE LYRICS ğŸ”¥ğŸ”¥ğŸ”¥ğŸ’¯ğŸ’¯ğŸ’¯ğŸ—£ğŸ—£ğŸ—£ğŸ™ğŸ™ğŸ™', 'song gunna be like pajdoendowojdneoelkwuroekebroe', 'you need to release some merch bro and I will buy some â¤ï¸â¤ï¸â¤ï¸', 'Starbucks and gucci living my lifeğŸ”¥ğŸ”¥â€¼ï¸â€¼ï¸ğŸ—£ï¸ğŸ—£ï¸ğŸ—£ï¸', '@..jacksen @.....jordan_ the scream at the endâ˜ ï¸â˜ ï¸â˜ ï¸', '@mdriscoll09 the song is actually just him mumbling', 'its literally all just Timmeh timmeh TIMMAHHHHHH ğŸ”¥ğŸ”¥ğŸ”¥ğŸ”¥ğŸ”¥ğŸ”¥ğŸ”¥', 'watch all the new south park fans come in and screen ""Timmah"" ğŸ’€', 'Apple Music ainâ€™t taking that bruh itâ€™s too badğŸ”¥ğŸ”¥ğŸ”¥', 'Hard to dribbleâŒDibbling hardâœ…', '@Joe @Will hall lets gooo', 'Eminem is scared to diss u, good workğŸ”¥ğŸ”¥ğŸ”¥', 'Timmah!', 'donwni', 'SEE HOW HE SAID YA BOY']",3-3,2023-03-20
89,https://www.tiktok.com/@rox.asmr/video/7209776590396427525,rox.asmr,11K,171,19,Respuesta a @estefania201312 te gusto el maquillaje?,"['#asm', '#relax', '#relajateyrespira', '#paratii', '#asmrtiktoks', '#asmrsounds', '#asmrvideo', '#sueÃ±os', '#sueÃ±oprofundo', '#relax']","['rox elige:\nğŸ¿oğŸ’§\nğŸ•¸ï¸oğŸ’‹\nğŸ¦·o ğŸ¨\nğŸ‘„oğŸ­\ngracias rox ğŸ’¯ğŸ’“', 'hey my rox ğŸ¥°ğŸ¥°ğŸ¥°', 'The best live asmrğŸ˜ŒğŸ˜ŒğŸ˜Œ', 'Spit painting xfa ğŸ˜¿', 'Me encanta ğŸ¤©', 'MI ROX HERMOSAAAA, LA MEJORRRR ğŸ¥°ğŸ¥°ğŸ¥°', 'Yo cerrando los ojos ğŸ‘ï¸ğŸ‘„ğŸ‘ï¸--_--', 'roz me puedes hacer un asmr personal Ã©stoy en tu live :D', 'Para descargar, por favor...ğŸ¥°', 'me puede peinar para irme a dormir yo estoy en tu liveğŸ¥º', 'estÃ¡ porfa ğŸ’¦ğŸ•ğŸš¿ğŸ§½ğŸğŸ', 'es muy relajanteğŸ˜', 'con tal de estar contigo hago lo que sea', 'EligeğŸ‘„oğŸ’…\nğŸ¦•OğŸ°', 'divina ,ğŸ–¤ğŸ–¤ğŸ¥€', 'Yo encantadisimo y me dormÃ­', 'Rox me puedes hacer esto ğŸ¦·ğŸ’…ğŸ•¸ï¸ğŸ”®', 'ğŸ¥°', 'Me dormi con el video ğŸ¥°', 'teamo']",3-12,2023-03-20
90,https://www.tiktok.com/@cool_cam.15/video/7183415481515396398,cool_cam.15,1M,20.6K,99.3K,You are really important to meâ¤ï¸,['#fyp'],"['My biggest fear is losing my best friend but I lost himğŸ¥º', 'my biggest fear is being alone .', '@@sophieeleeee @kdollsragdolls you guys mean something to me even tho we barely know each other ğŸ¥º', ""My biggest fear is time... Cause I lost her today. I'll see her on the other side ig"", 'My biggest fear is losing my family and friends', '@youre_mom23 ğŸ¥°', 'i lost her.. she broke up', '@.bellasbestie fr tho', ""that's why I'm singleğŸ˜"", 'the biggest fear is losing yourself bro.', '@jenny <3', '@i yes', '@Unknown ğŸ¤ğŸ¼', 'my biggest fear is getting killed or getting bullyed i hate my lifeğŸ˜­', 'it happend', '@shieladinglasan3 ğŸ¥º', 'Iâ€™m losing my best friend right now he is ok itâ€™s just that he moved houses so he canâ€™t be on the bus so I only get to see him a few times at school', 'my biggest fear was losing my parents. that recently happened. now my fear is losing myself.', '@vanbarbie60 â¤ï¸', 'just lost her...']",2022-12-31,2023-03-20
91,https://www.tiktok.com/@tmovisuals/video/7212084020258131246,tmovisuals,326.8K,9694,129,Gift for @rug ! Day 41,"['#chugrug', '#xyzbca', '#fazerug', '#brawadis', '#fyp', '#notviral', '#overrated']","['noah', 'Alex', 'Taylor', ""franklyn I was on the live but it won't let me show it"", 'Jayden', 'carrson', 'benny', 'haifa', 'Dylan', 'Brayden', 'Vicky', 'kayden', 'colin', 'Jace', 'Chris', 'Luke', 'zion', 'Tyson', 'Dylan', 'sophia']",1d ago,2023-03-20
92,https://www.tiktok.com/@khaby.lame/video/7190422277069081862,khaby.lame,2.7M,20.7K,6087,Rule n.1 NEVER PISS OFF YOUR MOM!R.I.P. Khaby Lame ğŸª¦ğŸ’€#mum,['#dontlearnfromkhaby'],"['ooh noooo ğŸ˜ğŸ˜‚ğŸ˜ ğŸ™ƒ', 'ğŸ˜‚', 'ğŸ˜‚ğŸ˜‚ğŸ˜‚', 'ğŸ˜‚ğŸ˜‚ğŸ˜‚', 'ğŸ˜‚ğŸ˜‚ğŸ˜‚ğŸ˜‚', 'ğŸ˜‚ğŸ˜‚ğŸ˜‚ğŸ˜‚ğŸ˜‚', 'ğŸ˜‚', 'ğŸ˜‚ğŸ˜‚', 'ğŸ˜‚ğŸ˜‚ğŸ˜‚ğŸ˜‚ğŸ˜‚', 'ğŸ˜ğŸ˜', 'ğŸ˜‚ğŸ˜‚ğŸ˜‚', 'ğŸ˜‚ğŸ˜‚ğŸ˜‚ğŸ˜‚ğŸ˜‚ğŸ˜‚', 'ğŸ¥º', 'ğŸ˜‚ğŸ˜‚ğŸ˜‚', 'ğŸ¥°ğŸ˜‚', 'ğŸ˜ğŸ˜ğŸ˜', 'ğŸ˜‚ğŸ˜Š', 'ğŸ˜ğŸ˜ğŸ˜', 'ğŸ¥°', 'ğŸ˜‚ğŸ˜‚ğŸ¥°']",1-19,2023-03-20
93,https://www.tiktok.com/@nolin/video/7190426059186228523,nolin,151.7K,741,2705,im embarrassed,[],"['Literally just cling onto a dying one till it tastes bad and every time you wanna hit use that one and then youâ€™ll just not wanna', 'It is really hard, but if you just sleep through the withdrawals & headache for like 3 days it gets easier! ğŸ«¶ğŸ¼', 'Itâ€™s so hard when youâ€™re DRUNK OML', 'ESPECIALLY DRIVING BROOO', 'Or when youâ€™re fighting w your man', 'Listen ok life is short and I donâ€™t have to prove to anyone why I am enjoying simple pleasures!! Let me breathe in that lemon cool mint!!', 'Be tasting a quintillion times nicer with alcohol', 'for real', 'i quit 4 months ago and i still miss it every gd day. i was a only mint girl too', 'been over a year since i quit but not being able to vape and drive almost killed me fr ğŸ˜­', 'Drunk me is the reason I havenâ€™t quit all these years', 'LAWDDDD LAWDDDDD', 'The club is where it really hits', 'THE MINT INFINITY IN MY HAND', 'love my good ole mint', 'Yes the mint does sum to me', 'relapses are ok, as long as you keep trying.', 'After the first week it gets better, definitely hard when youâ€™re just vibin where you normally', 'I mean limit it to only drinking, and then eventually just no more', 'Best advice I can give is to not use disposables and get a refillable device that way you can lower your milligrams over time.']",1-19,2023-03-20
94,https://www.tiktok.com/@vtenking02/video/7209904324862840066,vtenking02,1535,23,5,ğŸ¤ğŸ¥€â£ï¸#chari udyuo badal xunalai,"['#CapCut', '#fypã‚·', '#goviral', '#onfrizmyacountplzâ¤ï¸â¤ï¸â¤ï¸', '#loveyousathiâ¤ï¸', '#saportmepageğŸ™ğŸ™', '#GetCrackin', '#ğŸ¥€ğŸ’”ğŸŒ¹ğŸ’”ğŸ¥€ğŸŒ¹ğŸ˜œğŸ¥€ğŸ’”ğŸŒ¹â£ï¸ğŸŒ¹ğŸ¥€ğŸ’”', '#ğŸ¥€ğŸŒ¹ğŸ‘ğŸ‘ğŸ‘ğŸ±ğŸ¶ğŸ™â¤ï¸â¤ï¸â¤ï¸ğŸ“¸ğŸ˜‚ğŸ¥€ğŸ¥€ğŸ˜ğŸ˜ğŸ‘ğŸµ', '#saportmepageğŸ™ğŸ™']","['ğŸ˜³ğŸ˜Œ', 'ğŸ¥°ğŸ¥°ğŸ¥°ğŸ¥°ğŸ¥°', 'ğŸ¥°ğŸ¥°ğŸ¥°ğŸ¥°ğŸ¥°', 'ğŸ¥°ğŸ¥°ğŸ¥°', 'â¤â¤â¤', 'â™¥ï¸ğŸ¤â¤ï¸', 'â¤â¤â¤', 'â¤â¤â¤', 'ğŸ¥°ğŸ¥°', 'ğŸ¥°ğŸ¥°ğŸ¥°', 'ğŸ¥°', 'dÌŠaÌŠiÌŠ â¤ï¸ğŸ¥€â£ï¸', 'ğŸ˜‚ğŸ˜‚ğŸ˜‚ğŸ˜‚', 'ğŸ¥°ğŸ¥°ğŸ¥°ğŸ¥°ğŸ¥°', 'ğŸ¥°', 'ğŸ¥°ğŸ¥°ğŸ¥°', 'ğŸ¥°ğŸ¥°', 'ğŸ¥°ğŸ¥°', 'ğŸ¥°ğŸ¥°ğŸ¥°', 'ğŸ¥°ğŸ¥°ğŸ¥°ğŸ¥°']",1w ago,2023-03-20
95,https://www.tiktok.com/@latifaazizi404/video/7211581688575511826,latifaazizi404,10.1K,0,89,Ù¾ÙˆÙ„Ù†Ø¯ÛŒ Ú¯Ú© ØªØ§Ù† â˜ºï¸ğŸ§¿ğŸ‡¦ğŸ‡«,['#latifaaziz404'],[],3d ago,2023-03-20
96,https://www.tiktok.com/@rox.asmr/video/7209776590396427525,rox.asmr,11K,171,19,Respuesta a @estefania201312 te gusto el maquillaje?,"['#asm', '#relax', '#relajateyrespira', '#paratii', '#asmrtiktoks', '#asmrsounds', '#asmrvideo', '#sueÃ±os', '#sueÃ±oprofundo', '#relax']","['rox elige:\nğŸ¿oğŸ’§\nğŸ•¸ï¸oğŸ’‹\nğŸ¦·o ğŸ¨\nğŸ‘„oğŸ­\ngracias rox ğŸ’¯ğŸ’“', 'hey my rox ğŸ¥°ğŸ¥°ğŸ¥°', 'The best live asmrğŸ˜ŒğŸ˜ŒğŸ˜Œ', 'Spit painting xfa ğŸ˜¿', 'Me encanta ğŸ¤©', 'MI ROX HERMOSAAAA, LA MEJORRRR ğŸ¥°ğŸ¥°ğŸ¥°', 'Yo cerrando los ojos ğŸ‘ï¸ğŸ‘„ğŸ‘ï¸--_--', 'roz me puedes hacer un asmr personal Ã©stoy en tu live :D', 'Para descargar, por favor...ğŸ¥°', 'me puede peinar para irme a dormir yo estoy en tu liveğŸ¥º', 'estÃ¡ porfa ğŸ’¦ğŸ•ğŸš¿ğŸ§½ğŸğŸ', 'es muy relajanteğŸ˜', 'con tal de estar contigo hago lo que sea', 'EligeğŸ‘„oğŸ’…\nğŸ¦•OğŸ°', 'divina ,ğŸ–¤ğŸ–¤ğŸ¥€', 'Yo encantadisimo y me dormÃ­', 'Rox me puedes hacer esto ğŸ¦·ğŸ’…ğŸ•¸ï¸ğŸ”®', 'ğŸ¥°', 'Me dormi con el video ğŸ¥°', 'teamo']",3-12,2023-03-20
97,https://www.tiktok.com/@tmovisuals/video/7212084020258131246,tmovisuals,326.9K,9697,129,Gift for @rug ! Day 41,"['#chugrug', '#xyzbca', '#fazerug', '#brawadis', '#fyp', '#notviral', '#overrated']","['noah', 'benny', 'Alex', 'Taylor', 'Jayden', 'Dylan', 'Brayden', 'kayden', 'colin', 'Jace', 'Vicky', 'Chris', 'Luke', 'zion', 'Victor', 'Dylan', 'sophia', 'Kayden', 'Tyson', 'Isabella']",1d ago,2023-03-20
98,https://www.tiktok.com/@147lilly/video/7201856219986939141,147lilly,146.5K,11.7K,259,FOLLOWING BACK WHEN TIKTOK ALLOWS ME â€¼ï¸#fyp,"['#foryoupage', '#fyp', '#icespice', '#icespicecult', '#munch', '#icespicemunch', '#following']","['no itâ€™s bc i love ice spice ğŸ¥°(i need the followers man)', 'ğŸ˜™ğŸ˜™', 'ğŸ˜­ğŸ˜­', '@â™¥ï¸ ğŸ˜­', 'ğŸ˜­ğŸ˜­', 'ğŸƒ\u200dâ™€ï¸', 'IN ICE SPICE WE TRUSTTTT ğŸ˜‰ğŸ¤·ğŸ¾\u200dâ™€ï¸', 'ğŸ˜³', 'love the ice spice cult', 'Ice spice on top', 'Ice spice frv', 'Ice spice 4lifeee', 'Nope..gotta love ice spice ğŸ˜', 'hey', 'SameğŸ˜­', 'guilty', 'ICE SPICE IS ICE LIFE', 'yes', 'real', 'NAH I LOVE ICE SPICEğŸ¤·\u200dâ™€ï¸']",2-19,2023-03-20
99,https://www.tiktok.com/@khaby.lame/video/7190422277069081862,khaby.lame,2.7M,20.7K,6087,Rule n.1 NEVER PISS OFF YOUR MOM!R.I.P. Khaby Lame ğŸª¦ğŸ’€#mum,['#dontlearnfromkhaby'],"['ooh noooo ğŸ˜ğŸ˜‚ğŸ˜ ğŸ™ƒ', 'ğŸ˜‚', 'ğŸ˜‚ğŸ˜‚ğŸ˜‚', 'ğŸ˜‚ğŸ˜‚ğŸ˜‚', 'ğŸ˜‚ğŸ˜‚ğŸ˜‚ğŸ˜‚', 'ğŸ˜‚ğŸ˜‚ğŸ˜‚ğŸ˜‚ğŸ˜‚', 'ğŸ˜‚', 'ğŸ˜‚ğŸ˜‚', 'ğŸ˜‚ğŸ˜‚ğŸ˜‚ğŸ˜‚ğŸ˜‚', 'ğŸ˜ğŸ˜', 'ğŸ˜‚ğŸ˜‚ğŸ˜‚', 'ğŸ˜‚ğŸ˜‚ğŸ˜‚ğŸ˜‚ğŸ˜‚ğŸ˜‚', 'ğŸ¥º', 'ğŸ˜‚ğŸ˜‚ğŸ˜‚', 'ğŸ¥°ğŸ˜‚', 'ğŸ˜ğŸ˜ğŸ˜', 'ğŸ˜‚ğŸ˜Š', 'ğŸ˜ğŸ˜ğŸ˜', 'ğŸ¥°', 'ğŸ˜‚ğŸ˜‚ğŸ¥°']",1-19,2023-03-20
100,https://www.tiktok.com/@vtenking02/video/7209904324862840066,vtenking02,1535,23,5,ğŸ¤ğŸ¥€â£ï¸#chari udyuo badal xunalai,"['#CapCut', '#fypã‚·', '#goviral', '#onfrizmyacountplzâ¤ï¸â¤ï¸â¤ï¸', '#loveyousathiâ¤ï¸', '#saportmepageğŸ™ğŸ™', '#GetCrackin', '#ğŸ¥€ğŸ’”ğŸŒ¹ğŸ’”ğŸ¥€ğŸŒ¹ğŸ˜œğŸ¥€ğŸ’”ğŸŒ¹â£ï¸ğŸŒ¹ğŸ¥€ğŸ’”', '#ğŸ¥€ğŸŒ¹ğŸ‘ğŸ‘ğŸ‘ğŸ±ğŸ¶ğŸ™â¤ï¸â¤ï¸â¤ï¸ğŸ“¸ğŸ˜‚ğŸ¥€ğŸ¥€ğŸ˜ğŸ˜ğŸ‘ğŸµ', '#saportmepageğŸ™ğŸ™']","['ğŸ˜³ğŸ˜Œ', 'ğŸ¥°ğŸ¥°ğŸ¥°ğŸ¥°ğŸ¥°', 'ğŸ¥°ğŸ¥°ğŸ¥°ğŸ¥°ğŸ¥°', 'ğŸ¥°ğŸ¥°ğŸ¥°', 'â¤â¤â¤', 'â™¥ï¸ğŸ¤â¤ï¸', 'â¤â¤â¤', 'â¤â¤â¤', 'ğŸ¥°ğŸ¥°', 'ğŸ¥°ğŸ¥°ğŸ¥°', 'ğŸ¥°', 'dÌŠaÌŠiÌŠ â¤ï¸ğŸ¥€â£ï¸', 'ğŸ˜‚ğŸ˜‚ğŸ˜‚ğŸ˜‚', 'ğŸ¥°ğŸ¥°ğŸ¥°ğŸ¥°ğŸ¥°', 'ğŸ¥°', 'ğŸ¥°ğŸ¥°ğŸ¥°', 'ğŸ¥°ğŸ¥°', 'ğŸ¥°ğŸ¥°', 'ğŸ¥°ğŸ¥°ğŸ¥°', 'ğŸ¥°ğŸ¥°ğŸ¥°ğŸ¥°']",1w ago,2023-03-20
101,https://www.tiktok.com/@nolin/video/7190426059186228523,nolin,151.7K,741,2705,im embarrassed,[],"['Literally just cling onto a dying one till it tastes bad and every time you wanna hit use that one and then youâ€™ll just not wanna', 'It is really hard, but if you just sleep through the withdrawals & headache for like 3 days it gets easier! ğŸ«¶ğŸ¼', 'Itâ€™s so hard when youâ€™re DRUNK OML', 'ESPECIALLY DRIVING BROOO', 'Or when youâ€™re fighting w your man', 'Listen ok life is short and I donâ€™t have to prove to anyone why I am enjoying simple pleasures!! Let me breathe in that lemon cool mint!!', 'Be tasting a quintillion times nicer with alcohol', 'for real', 'i quit 4 months ago and i still miss it every gd day. i was a only mint girl too', 'been over a year since i quit but not being able to vape and drive almost killed me fr ğŸ˜­', 'Drunk me is the reason I havenâ€™t quit all these years', 'LAWDDDD LAWDDDDD', 'The club is where it really hits', 'THE MINT INFINITY IN MY HAND', 'love my good ole mint', 'Yes the mint does sum to me', 'relapses are ok, as long as you keep trying.', 'After the first week it gets better, definitely hard when youâ€™re just vibin where you normally', 'I mean limit it to only drinking, and then eventually just no more', 'Best advice I can give is to not use disposables and get a refillable device that way you can lower your milligrams over time.']",1-19,2023-03-20
102,https://www.tiktok.com/@melinaadhikari53/video/7182436915205917979,melinaadhikari53,34K,183,35,Replying to @bharatbhandari292 Hxm xa Boini â¤ï¸,[],"['à¤šà¥à¤°à¥‹à¤Ÿ à¤¸à¤²à¥à¤•à¤¾à¤à¤•à¥‹ à¤­à¤ à¤¦à¤¾à¤®à¥€ like aauthyoğŸ˜‚', 'big fan ğŸ‘ŒğŸ‘Œ', 'ğŸ¥°ğŸ¥°ğŸ¥°ğŸ¥°ğŸ¥°ğŸ˜³ğŸ˜³ğŸ˜³', 'ğŸ¥°ğŸ¥°ğŸ¥°', 'Umm umm ğŸ¥°', 'hanxom lady â¤ï¸ğŸ¤', 'crushğŸ’šğŸ¥€', 'ğŸ˜‚ğŸ˜‚ğŸ˜‚', 'ğŸ¥°ğŸ‘ŒğŸ‘ŒğŸ‘ŒğŸ¤˜ğŸ¤˜', 'ğŸ¥°ğŸ¥°ğŸ¥°', 'ğŸ’•ğŸ¥°ğŸ¥°ğŸ¥°ğŸ¥°ğŸ¥°ğŸ¥°ğŸ¥°', 'ğŸ¥°ğŸ¥°ğŸ¥°', 'love u darling', 'pothiğŸ˜‚', 'Mine favoriteğŸ¥°', 'ğŸ¥°ğŸ¥°ğŸ¥°ğŸ¥°ğŸ¥°ğŸ¥°ğŸ¥°', 'meroğŸ¥°moyaaâ¤ï¸bigğŸ¥°fanğŸ¥°riplaiğŸ¥°plzâ¤ï¸ğŸ¥€', 'ğŸ˜³ğŸ˜³ğŸ˜³', 'la lağŸ˜³ğŸ˜³ğŸ˜³ğŸ˜³', 'ğŸ˜‚ğŸ˜‚ğŸ˜‚']",2022-12-29,2023-03-20
103,https://www.tiktok.com/@latifaazizi404/video/7211581688575511826,latifaazizi404,10.1K,0,89,Ù¾ÙˆÙ„Ù†Ø¯ÛŒ Ú¯Ú© ØªØ§Ù† â˜ºï¸ğŸ§¿ğŸ‡¦ğŸ‡«,['#latifaaziz404'],[],3d ago,2023-03-20
